images/img_0005062.jpg,0
images/img_0012582.jpg,0
images/img_0012504.jpg,0
images/img_0003029.jpg,9
images/img_0019007.jpg,0
images/img_0020756.jpg,0
images/img_0013014.jpg,0
images/img_0022435.jpg,9
images/img_0010824.jpg,0
images/img_0027615.jpg,9
images/img_0024278.jpg,9
images/img_0007318.jpg,0
images/img_0002721.jpg,0
images/img_0018567.jpg,0
images/img_0014699.jpg,2
images/img_0019342.jpg,0
images/img_0001819.jpg,2
images/img_0018491.jpg,0
images/img_0014766.jpg,0
images/img_0024376.jpg,0
images/img_0020803.jpg,0
images/img_0006745.jpg,9
images/img_0026119.jpg,0
images/img_0019289.jpg,2
images/img_0012184.jpg,9
images/img_0010864.jpg,9
images/img_0003056.jpg,10
images/img_0004796.jpg,0
images/img_0025402.jpg,1 9
images/img_0000268.jpg,2 4
images/img_0029586.jpg,0
images/img_0021694.jpg,0
images/img_0016862.jpg,0
images/img_0000844.jpg,0
images/img_0007035.jpg,9
images/img_0007699.jpg,0
images/img_0015310.jpg,0
images/img_0006218.jpg,9
images/img_0006558.jpg,0
images/img_0027877.jpg,9
images/img_0025870.jpg,0
images/img_0010789.jpg,2
images/img_0017041.jpg,2
images/img_0015631.jpg,9
images/img_0008248.jpg,1 2
images/img_0000782.jpg,0
images/img_0014418.jpg,0
images/img_0028389.jpg,10
images/img_0008579.jpg,0
images/img_0023424.jpg,0
images/img_0026486.jpg,5 9
images/img_0002155.jpg,0
images/img_0021674.jpg,4
images/img_0027505.jpg,2
images/img_0021965.jpg,2
images/img_0021979.jpg,4
images/img_0015682.jpg,0
images/img_0008486.jpg,0
images/img_0024403.jpg,2
images/img_0023540.jpg,0
images/img_0005635.jpg,10
images/img_0005234.jpg,2
images/img_0020653.jpg,4
images/img_0023702.jpg,4
images/img_0022718.jpg,2 9
images/img_0004594.jpg,4
images/img_0018686.jpg,0
images/img_0003038.jpg,0
images/img_0003988.jpg,0
images/img_0002118.jpg,9
images/img_0011020.jpg,2
images/img_0028816.jpg,4
images/img_0005737.jpg,0
images/img_0010761.jpg,0
images/img_0025387.jpg,4 9
images/img_0012466.jpg,0
images/img_0004885.jpg,9
images/img_0020614.jpg,4 9
images/img_0029097.jpg,10
images/img_0018755.jpg,0 3
images/img_0025886.jpg,2
images/img_0015796.jpg,1 4
images/img_0007526.jpg,0
images/img_0027830.jpg,1 3
images/img_0001936.jpg,1 2
images/img_0017158.jpg,0
images/img_0001147.jpg,0
images/img_0002086.jpg,3
images/img_0012034.jpg,3
images/img_0021617.jpg,4
images/img_0025836.jpg,2
images/img_0014416.jpg,2
images/img_0021540.jpg,2 5
images/img_0025725.jpg,3
images/img_0008784.jpg,10
images/img_0024646.jpg,9
images/img_0029021.jpg,9
images/img_0000931.jpg,1 2 4
images/img_0017399.jpg,0
images/img_0007616.jpg,3
images/img_0010204.jpg,2
images/img_0016548.jpg,0
images/img_0009371.jpg,4
images/img_0000298.jpg,1 2
images/img_0007252.jpg,1 9
images/img_0022616.jpg,3
images/img_0017350.jpg,9
images/img_0010274.jpg,3
images/img_0023578.jpg,9
images/img_0028456.jpg,3
images/img_0024170.jpg,3 4
images/img_0007414.jpg,9
images/img_0005531.jpg,2
images/img_0016516.jpg,9
images/img_0012330.jpg,3 4
images/img_0025788.jpg,0
images/img_0015839.jpg,0
images/img_0006071.jpg,0
images/img_0023333.jpg,3
images/img_0007367.jpg,4
images/img_0015630.jpg,0
images/img_0026168.jpg,0
images/img_0016154.jpg,0
images/img_0003584.jpg,3
images/img_0019699.jpg,1 2
images/img_0007553.jpg,0
images/img_0020098.jpg,0
images/img_0013797.jpg,3
images/img_0026188.jpg,0
images/img_0004228.jpg,4
images/img_0022677.jpg,2 5
images/img_0023114.jpg,0
images/img_0005723.jpg,0
images/img_0007701.jpg,2
images/img_0017980.jpg,2
images/img_0005485.jpg,2
images/img_0000937.jpg,4
images/img_0010786.jpg,0
images/img_0005326.jpg,10
images/img_0005218.jpg,3
images/img_0010004.jpg,4
images/img_0009943.jpg,9
images/img_0011313.jpg,0 1
images/img_0019862.jpg,0
images/img_0012222.jpg,3
images/img_0012906.jpg,4
images/img_0025220.jpg,0
images/img_0028919.jpg,2 3
images/img_0013897.jpg,0
images/img_0000773.jpg,9
images/img_0029131.jpg,1 4
images/img_0011466.jpg,0
images/img_0022852.jpg,0
images/img_0029382.jpg,0
images/img_0005048.jpg,2
images/img_0014063.jpg,0
images/img_0010468.jpg,0
images/img_0017935.jpg,9
images/img_0020012.jpg,4
images/img_0021603.jpg,0
images/img_0006265.jpg,3
images/img_0020742.jpg,9
images/img_0010782.jpg,3
images/img_0010084.jpg,1 2 4
images/img_0001576.jpg,0
images/img_0003632.jpg,0
images/img_0014360.jpg,0
images/img_0006681.jpg,10
images/img_0000623.jpg,10
images/img_0011100.jpg,1 3
images/img_0002173.jpg,0
images/img_0005739.jpg,0
images/img_0023768.jpg,0
images/img_0006559.jpg,0
images/img_0005884.jpg,2 3
images/img_0020496.jpg,9
images/img_0026656.jpg,9
images/img_0007250.jpg,0
images/img_0017394.jpg,9
images/img_0026596.jpg,3
images/img_0015048.jpg,4
images/img_0016762.jpg,9
images/img_0029082.jpg,9
images/img_0021770.jpg,0
images/img_0003951.jpg,9
images/img_0023400.jpg,5 9
images/img_0023078.jpg,4
images/img_0008531.jpg,1 2 4 9
images/img_0006134.jpg,0
images/img_0011784.jpg,0
images/img_0010350.jpg,4
images/img_0024445.jpg,0
images/img_0016443.jpg,2
images/img_0000717.jpg,3
images/img_0000901.jpg,9
images/img_0007489.jpg,2
images/img_0000506.jpg,4
images/img_0005385.jpg,4
images/img_0000077.jpg,9
images/img_0004190.jpg,0
images/img_0003048.jpg,0
images/img_0015582.jpg,3
images/img_0000264.jpg,9
images/img_0000066.jpg,0
images/img_0009534.jpg,0
images/img_0028737.jpg,10
images/img_0026803.jpg,0
images/img_0013807.jpg,0
images/img_0021023.jpg,3
images/img_0026925.jpg,0
images/img_0013739.jpg,0
images/img_0017761.jpg,2 5
images/img_0026680.jpg,1 2 9
images/img_0008133.jpg,0
images/img_0003864.jpg,9
images/img_0006696.jpg,0
images/img_0025430.jpg,6 8
images/img_0012629.jpg,2
images/img_0012900.jpg,9
images/img_0027555.jpg,9
images/img_0029972.jpg,6
images/img_0016734.jpg,4
images/img_0018797.jpg,4
images/img_0012687.jpg,9
images/img_0026781.jpg,2 3 9
images/img_0003375.jpg,4
images/img_0010338.jpg,0
images/img_0014854.jpg,0
images/img_0018277.jpg,4
images/img_0019256.jpg,0
images/img_0015535.jpg,1 2 5
images/img_0005064.jpg,0
images/img_0026459.jpg,1 3
images/img_0011959.jpg,4 5
images/img_0008091.jpg,2
images/img_0020392.jpg,0
images/img_0001939.jpg,6
images/img_0027242.jpg,0
images/img_0028248.jpg,1 3 4
images/img_0028104.jpg,3
images/img_0024099.jpg,0
images/img_0009526.jpg,4
images/img_0008046.jpg,0
images/img_0003153.jpg,3
images/img_0017541.jpg,0
images/img_0021651.jpg,3
images/img_0006717.jpg,0
images/img_0019145.jpg,0
images/img_0013224.jpg,0
images/img_0025961.jpg,0
images/img_0020936.jpg,5 9
images/img_0019679.jpg,2 5
images/img_0020423.jpg,5 9
images/img_0006234.jpg,10
images/img_0013877.jpg,3
images/img_0012708.jpg,4
images/img_0008627.jpg,3
images/img_0013884.jpg,0
images/img_0001821.jpg,10
images/img_0002841.jpg,0
images/img_0000683.jpg,3
images/img_0015187.jpg,0
images/img_0023584.jpg,0
images/img_0024382.jpg,10
images/img_0023432.jpg,1 2
images/img_0014937.jpg,0
images/img_0022474.jpg,9
images/img_0020214.jpg,0
images/img_0025849.jpg,1 3
images/img_0029539.jpg,0
images/img_0029383.jpg,0
images/img_0009484.jpg,3
images/img_0004880.jpg,3
images/img_0015915.jpg,3
images/img_0004780.jpg,1 3
images/img_0012580.jpg,9
images/img_0022609.jpg,10
images/img_0000319.jpg,0
images/img_0024181.jpg,2
images/img_0026805.jpg,0
images/img_0020431.jpg,0
images/img_0027993.jpg,0
images/img_0020796.jpg,3
images/img_0018989.jpg,4
images/img_0006526.jpg,0
images/img_0006363.jpg,1
images/img_0012270.jpg,9
images/img_0005862.jpg,4
images/img_0010127.jpg,0
images/img_0015420.jpg,3
images/img_0026540.jpg,0
images/img_0026830.jpg,1
images/img_0002862.jpg,0
images/img_0017742.jpg,1
images/img_0020858.jpg,3
images/img_0011584.jpg,0
images/img_0002682.jpg,3
images/img_0026529.jpg,1 2
images/img_0009795.jpg,1 3
images/img_0008457.jpg,2 4
images/img_0018512.jpg,1
images/img_0027001.jpg,1
images/img_0006393.jpg,1
images/img_0025299.jpg,0
images/img_0007277.jpg,10
images/img_0019417.jpg,0
images/img_0015637.jpg,1
images/img_0029962.jpg,1 4
images/img_0020156.jpg,3
images/img_0004539.jpg,1
images/img_0028215.jpg,7
images/img_0008300.jpg,6
images/img_0008986.jpg,10
images/img_0025280.jpg,3
images/img_0026220.jpg,1
images/img_0003026.jpg,0
images/img_0005965.jpg,9
images/img_0027595.jpg,2
images/img_0010753.jpg,10
images/img_0027159.jpg,4
images/img_0003794.jpg,1
images/img_0003699.jpg,9
images/img_0014670.jpg,3
images/img_0014652.jpg,1 2 4
images/img_0026712.jpg,7
images/img_0022613.jpg,2
images/img_0014747.jpg,0
images/img_0023398.jpg,4
images/img_0013556.jpg,1 2 5
images/img_0019773.jpg,4
images/img_0007579.jpg,9
images/img_0024626.jpg,1 4
images/img_0003482.jpg,1
images/img_0006332.jpg,2
images/img_0025361.jpg,10
images/img_0005642.jpg,6 7
images/img_0005993.jpg,0
images/img_0007094.jpg,0
images/img_0016986.jpg,0
images/img_0004822.jpg,9
images/img_0003705.jpg,3
images/img_0006501.jpg,7
images/img_0009631.jpg,1 3 4
images/img_0007736.jpg,7
images/img_0025639.jpg,0
images/img_0000878.jpg,1
images/img_0023029.jpg,0
images/img_0008404.jpg,0
images/img_0004398.jpg,0
images/img_0023403.jpg,1
images/img_0004350.jpg,0
images/img_0028452.jpg,0
images/img_0025582.jpg,1
images/img_0000355.jpg,3
images/img_0008821.jpg,2
images/img_0022416.jpg,0
images/img_0028950.jpg,6
images/img_0024563.jpg,0
images/img_0021713.jpg,4
images/img_0017078.jpg,9
images/img_0018309.jpg,9
images/img_0022752.jpg,9
images/img_0011511.jpg,0
images/img_0012365.jpg,0
images/img_0016011.jpg,4 5
images/img_0021529.jpg,1
images/img_0003981.jpg,9
images/img_0026535.jpg,2 3
images/img_0029014.jpg,9
images/img_0014318.jpg,2
images/img_0016698.jpg,1 2
images/img_0015700.jpg,1 4
images/img_0024461.jpg,1 2 4
images/img_0028024.jpg,3 9
images/img_0028510.jpg,0
images/img_0028325.jpg,3
images/img_0009236.jpg,7 8
images/img_0026657.jpg,7
images/img_0004342.jpg,1
images/img_0006188.jpg,1
images/img_0009856.jpg,0
images/img_0015476.jpg,0
images/img_0027060.jpg,3
images/img_0003369.jpg,2
images/img_0016488.jpg,0
images/img_0009862.jpg,0
images/img_0001441.jpg,3
images/img_0002245.jpg,9
images/img_0011378.jpg,9
images/img_0020261.jpg,1 2
images/img_0012358.jpg,0
images/img_0000575.jpg,1
images/img_0018588.jpg,0
images/img_0008644.jpg,0
images/img_0004238.jpg,6 8
images/img_0019169.jpg,3
images/img_0012348.jpg,3
images/img_0006067.jpg,0
images/img_0012727.jpg,0
images/img_0017834.jpg,3
images/img_0004392.jpg,4
images/img_0012388.jpg,0
images/img_0019986.jpg,1
images/img_0001781.jpg,10
images/img_0020703.jpg,10
images/img_0019043.jpg,2
images/img_0001896.jpg,4
images/img_0020220.jpg,7
images/img_0015252.jpg,0
images/img_0002552.jpg,1 2 4
images/img_0027425.jpg,1 2
images/img_0022750.jpg,0
images/img_0006414.jpg,3
images/img_0013118.jpg,10
images/img_0029958.jpg,1
images/img_0026762.jpg,9
images/img_0004461.jpg,1 2
images/img_0017051.jpg,0
images/img_0012682.jpg,5
images/img_0005232.jpg,0
images/img_0004290.jpg,0
images/img_0023322.jpg,2
images/img_0007647.jpg,9
images/img_0008124.jpg,9
images/img_0005174.jpg,1
images/img_0021682.jpg,6 8
images/img_0000247.jpg,0
images/img_0017414.jpg,5
images/img_0017072.jpg,10
images/img_0017106.jpg,5 9
images/img_0023786.jpg,2
images/img_0010314.jpg,0
images/img_0003213.jpg,4
images/img_0020318.jpg,1
images/img_0004647.jpg,3
images/img_0007759.jpg,4
images/img_0000405.jpg,0
images/img_0016363.jpg,2
images/img_0024572.jpg,0
images/img_0008345.jpg,7
images/img_0014780.jpg,0
images/img_0006016.jpg,2
images/img_0022976.jpg,1
images/img_0024313.jpg,2 3
images/img_0011526.jpg,3
images/img_0028206.jpg,0
images/img_0002303.jpg,4
images/img_0004266.jpg,3
images/img_0004251.jpg,0
images/img_0025271.jpg,4
images/img_0029689.jpg,5
images/img_0029277.jpg,0
images/img_0027480.jpg,0
images/img_0021312.jpg,9
images/img_0021349.jpg,7
images/img_0002050.jpg,0
images/img_0021403.jpg,5
images/img_0008317.jpg,1
images/img_0001996.jpg,3
images/img_0021764.jpg,0
images/img_0008718.jpg,4
images/img_0009154.jpg,6 7 8
images/img_0019514.jpg,0
images/img_0028420.jpg,0
images/img_0016745.jpg,2
images/img_0025270.jpg,2
images/img_0027027.jpg,2
images/img_0001756.jpg,9
images/img_0025884.jpg,9
images/img_0009704.jpg,0
images/img_0002212.jpg,0
images/img_0025828.jpg,1 3
images/img_0011705.jpg,0
images/img_0029416.jpg,1 2
images/img_0002850.jpg,3
images/img_0003916.jpg,1 2 4
images/img_0020358.jpg,1
images/img_0029739.jpg,9
images/img_0006375.jpg,0
images/img_0006256.jpg,3
images/img_0011021.jpg,0
images/img_0019115.jpg,5
images/img_0016472.jpg,2
images/img_0018816.jpg,0
images/img_0019316.jpg,1 2 4 5
images/img_0028578.jpg,9
images/img_0024761.jpg,5
images/img_0009188.jpg,4
images/img_0004131.jpg,1
images/img_0012415.jpg,10
images/img_0021944.jpg,0
images/img_0027528.jpg,3
images/img_0005990.jpg,0
images/img_0008711.jpg,3
images/img_0024879.jpg,0
images/img_0029607.jpg,1 5
images/img_0000074.jpg,7
images/img_0015216.jpg,1
images/img_0006886.jpg,0
images/img_0009125.jpg,5
images/img_0004952.jpg,0
images/img_0017260.jpg,0
images/img_0026179.jpg,2
images/img_0012681.jpg,5
images/img_0013657.jpg,9
images/img_0029623.jpg,5
images/img_0009860.jpg,1
images/img_0005365.jpg,2
images/img_0003340.jpg,0
images/img_0022693.jpg,1 2
images/img_0000422.jpg,7
images/img_0026730.jpg,1 2 4
images/img_0018434.jpg,0
images/img_0005190.jpg,1 5
images/img_0013227.jpg,7
images/img_0013275.jpg,9
images/img_0010093.jpg,1
images/img_0002630.jpg,1
images/img_0002787.jpg,0
images/img_0001938.jpg,0
images/img_0005199.jpg,2
images/img_0013362.jpg,0
images/img_0004102.jpg,4
images/img_0005391.jpg,3
images/img_0020516.jpg,2
images/img_0029934.jpg,0
images/img_0012274.jpg,5
images/img_0013143.jpg,3
images/img_0014247.jpg,2
images/img_0000941.jpg,0
images/img_0017846.jpg,1
images/img_0010178.jpg,0
images/img_0005076.jpg,0
images/img_0002444.jpg,9
images/img_0027095.jpg,7
images/img_0021794.jpg,7
images/img_0007285.jpg,1
images/img_0009256.jpg,5
images/img_0008617.jpg,3
images/img_0024161.jpg,1
images/img_0019064.jpg,6
images/img_0010992.jpg,5
images/img_0024704.jpg,0
images/img_0027245.jpg,5
images/img_0006220.jpg,2
images/img_0009653.jpg,0
images/img_0005378.jpg,5
images/img_0023717.jpg,9
images/img_0001594.jpg,3
images/img_0002132.jpg,6 8
images/img_0021061.jpg,1
images/img_0025196.jpg,0
images/img_0020615.jpg,0
images/img_0013204.jpg,4
images/img_0024425.jpg,0
images/img_0004109.jpg,1
images/img_0029231.jpg,0
images/img_0027450.jpg,9
images/img_0018221.jpg,0
images/img_0021889.jpg,5
images/img_0016440.jpg,9
images/img_0001731.jpg,0
images/img_0009896.jpg,3
images/img_0029013.jpg,1
images/img_0016377.jpg,1
images/img_0022992.jpg,1
images/img_0001544.jpg,1 2
images/img_0017481.jpg,4
images/img_0015313.jpg,5
images/img_0022234.jpg,3
images/img_0004312.jpg,9
images/img_0003387.jpg,2
images/img_0027337.jpg,0
images/img_0014447.jpg,9
images/img_0003965.jpg,1 9
images/img_0003130.jpg,0
images/img_0014459.jpg,0
images/img_0004850.jpg,4
images/img_0004376.jpg,5 9
images/img_0005166.jpg,4
images/img_0017944.jpg,0
images/img_0020461.jpg,9
images/img_0007880.jpg,5
images/img_0024259.jpg,1 3
images/img_0022964.jpg,5
images/img_0018478.jpg,0
images/img_0004395.jpg,4
images/img_0029560.jpg,5
images/img_0017600.jpg,5
images/img_0009579.jpg,3
images/img_0003558.jpg,4
images/img_0023302.jpg,4
images/img_0029066.jpg,9
images/img_0027914.jpg,7
images/img_0014408.jpg,7
images/img_0018169.jpg,4
images/img_0013791.jpg,0
images/img_0007631.jpg,1
images/img_0018504.jpg,1 2
images/img_0017915.jpg,4
images/img_0028664.jpg,2
images/img_0027872.jpg,1
images/img_0019598.jpg,0
images/img_0001748.jpg,9
images/img_0026649.jpg,0
images/img_0025049.jpg,0
images/img_0007008.jpg,3
images/img_0009113.jpg,1 2 3
images/img_0014865.jpg,1
images/img_0010156.jpg,1
images/img_0024408.jpg,9
images/img_0024252.jpg,2
images/img_0013327.jpg,1
images/img_0028715.jpg,3
images/img_0013539.jpg,1
images/img_0015507.jpg,2
images/img_0017016.jpg,0
images/img_0012340.jpg,1 3 4
images/img_0008334.jpg,1
images/img_0023359.jpg,9
images/img_0023325.jpg,1
images/img_0000681.jpg,9
images/img_0006880.jpg,9
images/img_0010846.jpg,1
images/img_0015008.jpg,9
images/img_0002801.jpg,4
images/img_0017120.jpg,7
images/img_0026039.jpg,4
images/img_0020909.jpg,1
images/img_0012227.jpg,2 9
images/img_0002920.jpg,6
images/img_0020588.jpg,9
images/img_0022994.jpg,4
images/img_0013779.jpg,0
images/img_0025697.jpg,4
images/img_0004564.jpg,1
images/img_0006631.jpg,3
images/img_0009921.jpg,0
images/img_0022102.jpg,9
images/img_0004108.jpg,1 3
images/img_0003822.jpg,5
images/img_0016995.jpg,0
images/img_0015959.jpg,4
images/img_0022194.jpg,10
images/img_0011542.jpg,0
images/img_0018800.jpg,0
images/img_0020605.jpg,0
images/img_0006603.jpg,3
images/img_0015098.jpg,0
images/img_0006412.jpg,4
images/img_0026581.jpg,0
images/img_0020043.jpg,3
images/img_0026524.jpg,1
images/img_0014753.jpg,1
images/img_0024277.jpg,10
images/img_0022079.jpg,4
images/img_0024836.jpg,0
images/img_0000494.jpg,0
images/img_0021008.jpg,1
images/img_0009568.jpg,1
images/img_0020430.jpg,0
images/img_0021931.jpg,9
images/img_0006368.jpg,5
images/img_0005858.jpg,6
images/img_0004503.jpg,5
images/img_0011430.jpg,0
images/img_0006674.jpg,5 9
images/img_0012828.jpg,10
images/img_0015736.jpg,1
images/img_0000408.jpg,4
images/img_0015279.jpg,5
images/img_0005913.jpg,2
images/img_0011990.jpg,0 3
images/img_0023939.jpg,1 5
images/img_0018107.jpg,0
images/img_0017065.jpg,2 4
images/img_0016336.jpg,1 2
images/img_0026579.jpg,0
images/img_0016295.jpg,2
images/img_0006204.jpg,9
images/img_0008147.jpg,1
images/img_0001638.jpg,1
images/img_0013068.jpg,1
images/img_0015014.jpg,1
images/img_0029144.jpg,1
images/img_0005017.jpg,7
images/img_0012793.jpg,9
images/img_0026907.jpg,4
images/img_0012361.jpg,1
images/img_0023746.jpg,4
images/img_0000784.jpg,0
images/img_0004241.jpg,3
images/img_0028580.jpg,2
images/img_0023875.jpg,0
images/img_0008747.jpg,3
images/img_0020237.jpg,6 8
images/img_0029389.jpg,3
images/img_0025845.jpg,0
images/img_0025164.jpg,9
images/img_0008961.jpg,9
images/img_0019994.jpg,7
images/img_0006295.jpg,4
images/img_0012470.jpg,9
images/img_0009109.jpg,3
images/img_0011867.jpg,3
images/img_0027722.jpg,2
images/img_0012192.jpg,0
images/img_0016412.jpg,4
images/img_0026891.jpg,0 1
images/img_0007750.jpg,1
images/img_0010385.jpg,0
images/img_0015893.jpg,0
images/img_0009274.jpg,4
images/img_0008649.jpg,1 3
images/img_0007109.jpg,5
images/img_0026420.jpg,5
images/img_0015701.jpg,5
images/img_0010269.jpg,2
images/img_0013083.jpg,1 2
images/img_0022425.jpg,0
images/img_0019871.jpg,4
images/img_0017108.jpg,0
images/img_0027882.jpg,3
images/img_0010060.jpg,5 9
images/img_0011147.jpg,5
images/img_0012215.jpg,0
images/img_0025122.jpg,1 9
images/img_0015271.jpg,9
images/img_0006744.jpg,1
images/img_0003649.jpg,1 2
images/img_0023198.jpg,1 5
images/img_0000248.jpg,4
images/img_0003754.jpg,2
images/img_0025741.jpg,9
images/img_0018829.jpg,2
images/img_0029154.jpg,7
images/img_0025528.jpg,10
images/img_0010739.jpg,10
images/img_0023197.jpg,4 9
images/img_0002571.jpg,2
images/img_0001465.jpg,9
images/img_0029343.jpg,7
images/img_0020420.jpg,9
images/img_0026050.jpg,1
images/img_0018581.jpg,2
images/img_0023771.jpg,7
images/img_0019092.jpg,6 8
images/img_0003299.jpg,3 4
images/img_0027953.jpg,9
images/img_0026043.jpg,1 2
images/img_0000400.jpg,1
images/img_0021136.jpg,7
images/img_0028216.jpg,4
images/img_0010871.jpg,0
images/img_0023468.jpg,4
images/img_0014678.jpg,2 5
images/img_0004561.jpg,4
images/img_0002484.jpg,6 8
images/img_0028428.jpg,10
images/img_0025172.jpg,1 5
images/img_0025473.jpg,0
images/img_0009079.jpg,7
images/img_0021478.jpg,9
images/img_0004649.jpg,2
images/img_0003305.jpg,0
images/img_0017607.jpg,1
images/img_0004047.jpg,10
images/img_0017893.jpg,2 4
images/img_0009331.jpg,4
images/img_0000014.jpg,0
images/img_0022506.jpg,0
images/img_0019288.jpg,9
images/img_0010727.jpg,1
images/img_0014029.jpg,4 9
images/img_0008412.jpg,0
images/img_0024956.jpg,9
images/img_0000089.jpg,4
images/img_0010726.jpg,9
images/img_0009907.jpg,2
images/img_0001677.jpg,1
images/img_0021865.jpg,1 3
images/img_0022114.jpg,1
images/img_0021884.jpg,9
images/img_0020006.jpg,0
images/img_0006643.jpg,5
images/img_0013856.jpg,4
images/img_0017728.jpg,5
images/img_0027185.jpg,9
images/img_0019310.jpg,7
images/img_0024153.jpg,5
images/img_0001805.jpg,9
images/img_0015811.jpg,9
images/img_0003415.jpg,0
images/img_0019712.jpg,0
images/img_0026920.jpg,0
images/img_0015506.jpg,9
images/img_0009739.jpg,3
images/img_0029439.jpg,0
images/img_0025032.jpg,5
images/img_0024417.jpg,1
images/img_0021964.jpg,0
images/img_0013920.jpg,4
images/img_0008468.jpg,9
images/img_0028743.jpg,5
images/img_0005702.jpg,2
images/img_0006945.jpg,0
images/img_0024658.jpg,1
images/img_0022771.jpg,8
images/img_0015497.jpg,8
images/img_0012101.jpg,9
images/img_0007617.jpg,3
images/img_0007934.jpg,0
images/img_0016650.jpg,9
images/img_0002289.jpg,4
images/img_0005916.jpg,9
images/img_0021779.jpg,4
images/img_0017341.jpg,0
images/img_0015285.jpg,4
images/img_0028819.jpg,4 9
images/img_0023151.jpg,2 5
images/img_0008170.jpg,0
images/img_0026000.jpg,10
images/img_0025491.jpg,0
images/img_0001732.jpg,1
images/img_0004074.jpg,9
images/img_0015752.jpg,0
images/img_0001171.jpg,9
images/img_0028961.jpg,1
images/img_0025987.jpg,4
images/img_0008210.jpg,3
images/img_0022830.jpg,0
images/img_0025321.jpg,4
images/img_0008216.jpg,4
images/img_0016369.jpg,4
images/img_0009402.jpg,5
images/img_0015308.jpg,0
images/img_0004218.jpg,0
images/img_0017452.jpg,4
images/img_0024597.jpg,9
images/img_0017211.jpg,3
images/img_0002939.jpg,2 3 9
images/img_0028478.jpg,9
images/img_0017524.jpg,4 9
images/img_0011572.jpg,4
images/img_0007264.jpg,0
images/img_0027798.jpg,0
images/img_0002794.jpg,4
images/img_0010793.jpg,4
images/img_0028643.jpg,10
images/img_0009607.jpg,0
images/img_0010313.jpg,7
images/img_0029665.jpg,0
images/img_0013461.jpg,1 2
images/img_0022829.jpg,0
images/img_0016325.jpg,9
images/img_0024389.jpg,1 3
images/img_0002339.jpg,1
images/img_0005038.jpg,0
images/img_0024121.jpg,3
images/img_0014421.jpg,5
images/img_0029175.jpg,3
images/img_0018868.jpg,10
images/img_0028888.jpg,10
images/img_0005034.jpg,0
images/img_0014931.jpg,7
images/img_0011473.jpg,3
images/img_0023345.jpg,7
images/img_0011377.jpg,10
images/img_0028530.jpg,1 9
images/img_0028963.jpg,5
images/img_0018960.jpg,5
images/img_0018976.jpg,2
images/img_0010666.jpg,1
images/img_0016919.jpg,2
images/img_0019581.jpg,0
images/img_0014492.jpg,9
images/img_0011033.jpg,9
images/img_0010537.jpg,10
images/img_0012937.jpg,0
images/img_0025703.jpg,0
images/img_0028013.jpg,2
images/img_0006092.jpg,1
images/img_0020378.jpg,5
images/img_0001133.jpg,1
images/img_0002914.jpg,4
images/img_0026718.jpg,0
images/img_0008860.jpg,0
images/img_0011500.jpg,0
images/img_0027775.jpg,10
images/img_0027385.jpg,4
images/img_0012566.jpg,5
images/img_0019641.jpg,2
images/img_0012225.jpg,0
images/img_0027388.jpg,0
images/img_0012618.jpg,6 8
images/img_0013120.jpg,1
images/img_0020851.jpg,0
images/img_0026505.jpg,2
images/img_0006577.jpg,4
images/img_0022870.jpg,0
images/img_0001584.jpg,9
images/img_0008696.jpg,3
images/img_0024381.jpg,4
images/img_0023509.jpg,1
images/img_0025041.jpg,2
images/img_0010745.jpg,3
images/img_0006166.jpg,3
images/img_0020621.jpg,4
images/img_0011910.jpg,4
images/img_0001595.jpg,1
images/img_0028277.jpg,0
images/img_0019786.jpg,0
images/img_0027444.jpg,7
images/img_0001669.jpg,1 2 5
images/img_0021866.jpg,3
images/img_0015153.jpg,3
images/img_0020810.jpg,0
images/img_0022897.jpg,3
images/img_0012860.jpg,2
images/img_0004513.jpg,4
images/img_0019040.jpg,3 5
images/img_0018527.jpg,9
images/img_0029775.jpg,2
images/img_0024767.jpg,8
images/img_0009638.jpg,1
images/img_0016555.jpg,9
images/img_0011814.jpg,2
images/img_0022770.jpg,1 9
images/img_0003300.jpg,0
images/img_0000277.jpg,1 2 3 4
images/img_0026444.jpg,3
images/img_0019410.jpg,0
images/img_0010344.jpg,1
images/img_0024245.jpg,2
images/img_0024861.jpg,7
images/img_0006591.jpg,4
images/img_0017294.jpg,2 3
images/img_0001656.jpg,1
images/img_0003895.jpg,1 2
images/img_0020469.jpg,0
images/img_0001354.jpg,0
images/img_0024210.jpg,4
images/img_0000729.jpg,5
images/img_0017081.jpg,7 8
images/img_0008535.jpg,10
images/img_0021011.jpg,7
images/img_0019210.jpg,0 3
images/img_0000004.jpg,9
images/img_0006362.jpg,10
images/img_0007073.jpg,0
images/img_0013719.jpg,9
images/img_0002134.jpg,4
images/img_0020133.jpg,0
images/img_0023818.jpg,1
images/img_0000385.jpg,0
images/img_0017358.jpg,9
images/img_0008304.jpg,0
images/img_0016643.jpg,0
images/img_0018297.jpg,4
images/img_0029261.jpg,0
images/img_0018801.jpg,7
images/img_0004990.jpg,5
images/img_0012193.jpg,1 3
images/img_0021257.jpg,1 5
images/img_0004173.jpg,0
images/img_0023007.jpg,1
images/img_0024055.jpg,3
images/img_0009705.jpg,1 4
images/img_0027080.jpg,10
images/img_0001521.jpg,5 9
images/img_0028893.jpg,8
images/img_0005940.jpg,0
images/img_0004291.jpg,0
images/img_0011604.jpg,0
images/img_0025586.jpg,3
images/img_0021624.jpg,10
images/img_0022402.jpg,3
images/img_0005383.jpg,1
images/img_0020289.jpg,0
images/img_0001491.jpg,3
images/img_0012177.jpg,1
images/img_0009525.jpg,5
images/img_0015555.jpg,5
images/img_0003964.jpg,9
images/img_0020523.jpg,6 8
images/img_0023760.jpg,3
images/img_0013077.jpg,0
images/img_0023305.jpg,9
images/img_0007492.jpg,0
images/img_0020284.jpg,4 9
images/img_0023280.jpg,9
images/img_0006389.jpg,3
images/img_0008588.jpg,0
images/img_0001386.jpg,0
images/img_0012321.jpg,1 2
images/img_0018503.jpg,4
images/img_0013155.jpg,0
images/img_0004156.jpg,1
images/img_0012599.jpg,2
images/img_0010348.jpg,0
images/img_0024784.jpg,9
images/img_0014508.jpg,3 4
images/img_0006131.jpg,3
images/img_0012595.jpg,0
images/img_0011725.jpg,2 3
images/img_0020722.jpg,9
images/img_0005431.jpg,2 9
images/img_0008716.jpg,3
images/img_0026056.jpg,3 5
images/img_0027934.jpg,0
images/img_0022629.jpg,2 5
images/img_0024757.jpg,2
images/img_0013715.jpg,0
images/img_0009721.jpg,0
images/img_0029445.jpg,0
images/img_0017797.jpg,0
images/img_0020550.jpg,2
images/img_0008656.jpg,0
images/img_0021681.jpg,3
images/img_0025805.jpg,2 9
images/img_0013965.jpg,1 2 3
images/img_0011566.jpg,1 2 3
images/img_0011507.jpg,7
images/img_0014593.jpg,1
images/img_0024350.jpg,0
images/img_0023097.jpg,0
images/img_0018476.jpg,5
images/img_0013445.jpg,0
images/img_0004002.jpg,0
images/img_0008816.jpg,0
images/img_0022378.jpg,0
images/img_0014733.jpg,2 9
images/img_0022000.jpg,0 3
images/img_0011792.jpg,2
images/img_0002322.jpg,1 3
images/img_0027311.jpg,2
images/img_0007457.jpg,1
images/img_0009593.jpg,2
images/img_0000633.jpg,4
images/img_0026062.jpg,2
images/img_0025955.jpg,7
images/img_0014601.jpg,1
images/img_0029838.jpg,7
images/img_0004736.jpg,2 5
images/img_0018360.jpg,0
images/img_0008697.jpg,7
images/img_0024815.jpg,4
images/img_0016311.jpg,8
images/img_0024127.jpg,0
images/img_0007843.jpg,2
images/img_0019130.jpg,1
images/img_0005851.jpg,1
images/img_0012341.jpg,0
images/img_0005103.jpg,1
images/img_0015751.jpg,1 3
images/img_0022208.jpg,0
images/img_0017708.jpg,0
images/img_0015581.jpg,1
images/img_0026734.jpg,0
images/img_0003733.jpg,2
images/img_0007847.jpg,1
images/img_0025034.jpg,0
images/img_0020005.jpg,9
images/img_0005757.jpg,7
images/img_0026123.jpg,6 8
images/img_0029631.jpg,0
images/img_0007939.jpg,0
images/img_0004278.jpg,8
images/img_0010867.jpg,2
images/img_0004633.jpg,1
images/img_0000292.jpg,7
images/img_0006307.jpg,1
images/img_0026798.jpg,4
images/img_0011236.jpg,4
images/img_0017721.jpg,7
images/img_0027257.jpg,8
images/img_0029702.jpg,7
images/img_0007508.jpg,4
images/img_0004345.jpg,0
images/img_0021915.jpg,0
images/img_0012050.jpg,1
images/img_0002009.jpg,1
images/img_0014550.jpg,1 3
images/img_0025794.jpg,2
images/img_0023315.jpg,1
images/img_0003581.jpg,0
images/img_0025244.jpg,5
images/img_0018369.jpg,4
images/img_0005947.jpg,1
images/img_0015422.jpg,0
images/img_0024423.jpg,2 5
images/img_0010550.jpg,0
images/img_0003481.jpg,7
images/img_0010580.jpg,2 10
images/img_0005308.jpg,10
images/img_0021496.jpg,1
images/img_0021869.jpg,1
images/img_0013457.jpg,3
images/img_0000358.jpg,2
images/img_0016702.jpg,4
images/img_0028561.jpg,3
images/img_0002248.jpg,0
images/img_0009472.jpg,0
images/img_0006352.jpg,10
images/img_0009869.jpg,10
images/img_0011318.jpg,0
images/img_0011540.jpg,2
images/img_0003103.jpg,10
images/img_0012296.jpg,0
images/img_0004618.jpg,3
images/img_0017062.jpg,3
images/img_0014842.jpg,9
images/img_0022149.jpg,0
images/img_0015859.jpg,7
images/img_0015360.jpg,0
images/img_0020349.jpg,2
images/img_0006084.jpg,0
images/img_0007186.jpg,1
images/img_0015089.jpg,1
images/img_0029873.jpg,0
images/img_0025776.jpg,9
images/img_0002283.jpg,1
images/img_0005663.jpg,1 4
images/img_0018793.jpg,0
images/img_0025082.jpg,8
images/img_0009549.jpg,1 3
images/img_0010221.jpg,0
images/img_0004012.jpg,2
images/img_0008777.jpg,0
images/img_0016091.jpg,1
images/img_0012496.jpg,1
images/img_0026097.jpg,1
images/img_0001498.jpg,0
images/img_0028969.jpg,0
images/img_0010972.jpg,1
images/img_0010129.jpg,0
images/img_0025096.jpg,1
images/img_0007030.jpg,1
images/img_0029504.jpg,2 4
images/img_0017891.jpg,9
images/img_0008252.jpg,2
images/img_0019293.jpg,1
images/img_0014091.jpg,0
images/img_0029944.jpg,9
images/img_0028293.jpg,9
images/img_0027343.jpg,1
images/img_0012763.jpg,8
images/img_0002908.jpg,3
images/img_0025855.jpg,0
images/img_0023782.jpg,5
images/img_0010086.jpg,5
images/img_0029949.jpg,6
images/img_0027516.jpg,0
images/img_0006954.jpg,1
images/img_0004662.jpg,1
images/img_0018135.jpg,0
images/img_0014278.jpg,1 2
images/img_0000967.jpg,0
images/img_0001770.jpg,9
images/img_0006597.jpg,0
images/img_0016146.jpg,4
images/img_0017179.jpg,0
images/img_0024083.jpg,2
images/img_0011816.jpg,9
images/img_0013191.jpg,0
images/img_0000217.jpg,1
images/img_0025587.jpg,0
images/img_0029480.jpg,1
images/img_0020549.jpg,1
images/img_0007429.jpg,1
images/img_0010315.jpg,0
images/img_0013581.jpg,9
images/img_0021780.jpg,6
images/img_0020651.jpg,2
images/img_0007162.jpg,1
images/img_0008267.jpg,0
images/img_0025935.jpg,0
images/img_0006094.jpg,1
images/img_0026968.jpg,9
images/img_0021323.jpg,0
images/img_0000236.jpg,0
images/img_0012501.jpg,0
images/img_0027821.jpg,5
images/img_0014918.jpg,7
images/img_0011122.jpg,0
images/img_0022872.jpg,0
images/img_0016100.jpg,4
images/img_0012612.jpg,0
images/img_0013293.jpg,0
images/img_0012260.jpg,3
images/img_0025883.jpg,0
images/img_0025800.jpg,9
images/img_0016721.jpg,2 4
images/img_0008544.jpg,3
images/img_0000736.jpg,9
images/img_0013631.jpg,8
images/img_0021375.jpg,9
images/img_0002643.jpg,5
images/img_0024119.jpg,1 2
images/img_0006399.jpg,7
images/img_0029987.jpg,9
images/img_0024945.jpg,3
images/img_0002036.jpg,0
images/img_0010492.jpg,4
images/img_0013527.jpg,1 5
images/img_0007134.jpg,10
images/img_0000502.jpg,0
images/img_0009345.jpg,1 4
images/img_0002487.jpg,4
images/img_0000373.jpg,3
images/img_0029354.jpg,0
images/img_0027140.jpg,1 2
images/img_0004961.jpg,10
images/img_0020854.jpg,1 2 3 4
images/img_0020212.jpg,3 5
images/img_0021218.jpg,5
images/img_0006901.jpg,1
images/img_0017105.jpg,2
images/img_0027173.jpg,1 5
images/img_0023421.jpg,0
images/img_0029368.jpg,1 4
images/img_0001289.jpg,1 2
images/img_0008512.jpg,3
images/img_0025494.jpg,0
images/img_0007877.jpg,0
images/img_0010021.jpg,0
images/img_0029969.jpg,0
images/img_0028382.jpg,4
images/img_0023246.jpg,4
images/img_0010444.jpg,1
images/img_0004805.jpg,5
images/img_0000877.jpg,4
images/img_0013187.jpg,0
images/img_0000976.jpg,0
images/img_0027598.jpg,1
images/img_0013530.jpg,5
images/img_0012796.jpg,3
images/img_0012235.jpg,0
images/img_0006653.jpg,0
images/img_0018417.jpg,7
images/img_0014752.jpg,4
images/img_0017248.jpg,2
images/img_0022078.jpg,0
images/img_0026210.jpg,9
images/img_0009662.jpg,0
images/img_0022052.jpg,5
images/img_0029584.jpg,4
images/img_0006801.jpg,4
images/img_0017815.jpg,7
images/img_0003846.jpg,1
images/img_0028177.jpg,1
images/img_0004836.jpg,0
images/img_0004586.jpg,9
images/img_0023677.jpg,4
images/img_0005866.jpg,2
images/img_0018403.jpg,1
images/img_0001006.jpg,2
images/img_0017858.jpg,1
images/img_0007791.jpg,0
images/img_0022967.jpg,4
images/img_0016237.jpg,5
images/img_0021146.jpg,9
images/img_0027238.jpg,2 3 9
images/img_0002541.jpg,5
images/img_0023075.jpg,0
images/img_0003138.jpg,5
images/img_0009977.jpg,0
images/img_0000477.jpg,8
images/img_0020481.jpg,6
images/img_0009032.jpg,9
images/img_0000930.jpg,0
images/img_0013552.jpg,10
images/img_0000990.jpg,4
images/img_0017102.jpg,5
images/img_0018689.jpg,1 3
images/img_0014969.jpg,7 8
images/img_0002874.jpg,0
images/img_0013672.jpg,0
images/img_0001473.jpg,3
images/img_0022005.jpg,1
images/img_0013822.jpg,0
images/img_0002560.jpg,0
images/img_0023142.jpg,4
images/img_0018842.jpg,0
images/img_0028028.jpg,2
images/img_0001637.jpg,9
images/img_0021486.jpg,9
images/img_0013366.jpg,1
images/img_0010467.jpg,0
images/img_0022405.jpg,0
images/img_0011967.jpg,0
images/img_0017958.jpg,3
images/img_0008529.jpg,2
images/img_0021415.jpg,0 3
images/img_0028716.jpg,5
images/img_0000541.jpg,1 4
images/img_0020622.jpg,2
images/img_0002792.jpg,6
images/img_0012139.jpg,1
images/img_0009208.jpg,0
images/img_0006378.jpg,0
images/img_0022148.jpg,2
images/img_0015123.jpg,0
images/img_0012751.jpg,0
images/img_0025063.jpg,5
images/img_0001665.jpg,4
images/img_0018779.jpg,0
images/img_0018625.jpg,0
images/img_0000138.jpg,4
images/img_0006512.jpg,0
images/img_0022913.jpg,0
images/img_0011015.jpg,0
images/img_0009491.jpg,8
images/img_0007755.jpg,0
images/img_0000586.jpg,7
images/img_0015167.jpg,0
images/img_0026345.jpg,3
images/img_0000491.jpg,9
images/img_0023155.jpg,0
images/img_0017919.jpg,3
images/img_0018692.jpg,6 8
images/img_0021939.jpg,10
images/img_0024109.jpg,0
images/img_0010663.jpg,1
images/img_0018257.jpg,0
images/img_0019633.jpg,1 4
images/img_0023307.jpg,1
images/img_0005648.jpg,1
images/img_0025455.jpg,0
images/img_0028801.jpg,5
images/img_0024315.jpg,10
images/img_0022883.jpg,0
images/img_0023985.jpg,2
images/img_0007359.jpg,4
images/img_0029768.jpg,1
images/img_0007101.jpg,5
images/img_0002463.jpg,2 3
images/img_0015136.jpg,1 2
images/img_0026627.jpg,1
images/img_0006561.jpg,4
images/img_0029516.jpg,1 9
images/img_0029788.jpg,2
images/img_0008137.jpg,0
images/img_0029671.jpg,0
images/img_0027234.jpg,0
images/img_0014980.jpg,10
images/img_0029632.jpg,1
images/img_0005816.jpg,1
images/img_0004161.jpg,5
images/img_0016594.jpg,3
images/img_0024320.jpg,0
images/img_0002137.jpg,1 2 5 9
images/img_0009747.jpg,7
images/img_0017731.jpg,9
images/img_0028938.jpg,0
images/img_0008074.jpg,4
images/img_0018412.jpg,3
images/img_0017489.jpg,10
images/img_0018561.jpg,0
images/img_0023216.jpg,2 4
images/img_0013087.jpg,1
images/img_0001913.jpg,10
images/img_0029497.jpg,7 8
images/img_0023633.jpg,8
images/img_0023691.jpg,0
images/img_0008463.jpg,0
images/img_0018904.jpg,0
images/img_0028053.jpg,10
images/img_0018449.jpg,0
images/img_0023431.jpg,1
images/img_0025590.jpg,1
images/img_0015943.jpg,5
images/img_0028951.jpg,0
images/img_0027497.jpg,7
images/img_0005494.jpg,0
images/img_0026200.jpg,3
images/img_0024128.jpg,0
images/img_0013388.jpg,2
images/img_0006595.jpg,5
images/img_0005014.jpg,0
images/img_0002019.jpg,5
images/img_0007992.jpg,2 3
images/img_0027063.jpg,9
images/img_0019133.jpg,8
images/img_0020824.jpg,1
images/img_0016844.jpg,5
images/img_0024467.jpg,1
images/img_0010246.jpg,1
images/img_0020260.jpg,10
images/img_0018787.jpg,8
images/img_0012797.jpg,10
images/img_0012397.jpg,2
images/img_0021519.jpg,2
images/img_0019630.jpg,0
images/img_0028294.jpg,0
images/img_0010157.jpg,0
images/img_0009629.jpg,4
images/img_0016442.jpg,0
images/img_0028551.jpg,4
images/img_0016283.jpg,1
images/img_0003748.jpg,10
images/img_0008126.jpg,4
images/img_0007052.jpg,0
images/img_0014632.jpg,1
images/img_0029967.jpg,1
images/img_0026943.jpg,1 2 4
images/img_0018605.jpg,2 4
images/img_0018298.jpg,1
images/img_0023536.jpg,0
images/img_0022236.jpg,1
images/img_0022554.jpg,0
images/img_0023401.jpg,1 4
images/img_0024426.jpg,0
images/img_0026704.jpg,2
images/img_0022484.jpg,5
images/img_0003949.jpg,6 8
images/img_0024087.jpg,1
images/img_0018256.jpg,1 2
images/img_0024192.jpg,1
images/img_0002738.jpg,9
images/img_0004394.jpg,0
images/img_0025549.jpg,1
images/img_0002099.jpg,5
images/img_0017391.jpg,7
images/img_0007127.jpg,7
images/img_0020945.jpg,0
images/img_0011048.jpg,0
images/img_0016627.jpg,1
images/img_0016687.jpg,8
images/img_0014770.jpg,2
images/img_0015651.jpg,1
images/img_0023104.jpg,4
images/img_0010363.jpg,2 9
images/img_0006107.jpg,0
images/img_0002445.jpg,4
images/img_0018354.jpg,0
images/img_0028346.jpg,4
images/img_0017177.jpg,4
images/img_0006989.jpg,0
images/img_0000966.jpg,3
images/img_0025453.jpg,6 8
images/img_0023299.jpg,3
images/img_0015288.jpg,10
images/img_0028830.jpg,5
images/img_0004323.jpg,1
images/img_0010267.jpg,8
images/img_0007366.jpg,6 8
images/img_0020794.jpg,1 3
images/img_0028724.jpg,0
images/img_0008866.jpg,4
images/img_0023606.jpg,7 8
images/img_0024223.jpg,8
images/img_0013059.jpg,2
images/img_0001188.jpg,2 4
images/img_0016307.jpg,0
images/img_0000580.jpg,4
images/img_0004607.jpg,2
images/img_0029417.jpg,10
images/img_0007472.jpg,6 8
images/img_0005696.jpg,1 2
images/img_0019935.jpg,2
images/img_0019558.jpg,9
images/img_0019566.jpg,6 8
images/img_0006784.jpg,1 3
images/img_0018097.jpg,1 4
images/img_0006376.jpg,0
images/img_0014113.jpg,3
images/img_0004450.jpg,9
images/img_0026052.jpg,10
images/img_0024865.jpg,0
images/img_0022590.jpg,8
images/img_0029012.jpg,3
images/img_0025830.jpg,0
images/img_0008298.jpg,1
images/img_0027069.jpg,9
images/img_0027393.jpg,3
images/img_0012638.jpg,1
images/img_0012079.jpg,1
images/img_0002005.jpg,5
images/img_0029225.jpg,5
images/img_0005021.jpg,9
images/img_0005359.jpg,1
images/img_0016279.jpg,7
images/img_0023915.jpg,10
images/img_0019951.jpg,1
images/img_0015336.jpg,4
images/img_0014041.jpg,10
images/img_0003364.jpg,0
images/img_0015947.jpg,1 2
images/img_0007505.jpg,4
images/img_0023587.jpg,2 5
images/img_0010596.jpg,0
images/img_0011603.jpg,0
images/img_0029924.jpg,4 9
images/img_0001447.jpg,4 9
images/img_0020627.jpg,0
images/img_0007734.jpg,0
images/img_0000228.jpg,6 7 8
images/img_0012524.jpg,0
images/img_0024106.jpg,3
images/img_0005389.jpg,6 7
images/img_0021649.jpg,3
images/img_0029093.jpg,7 8
images/img_0026848.jpg,0
images/img_0003388.jpg,4
images/img_0026801.jpg,2
images/img_0008576.jpg,1
images/img_0024076.jpg,4
images/img_0009483.jpg,0
images/img_0004533.jpg,0 3
images/img_0023978.jpg,5
images/img_0021567.jpg,2
images/img_0010118.jpg,0
images/img_0027522.jpg,4
images/img_0001308.jpg,1 2
images/img_0015875.jpg,3
images/img_0023945.jpg,5 9
images/img_0004292.jpg,1
images/img_0021220.jpg,5
images/img_0004967.jpg,0
images/img_0014874.jpg,4
images/img_0008408.jpg,2
images/img_0016988.jpg,0
images/img_0010325.jpg,1
images/img_0029342.jpg,1 2
images/img_0005920.jpg,1
images/img_0003063.jpg,6 7
images/img_0005548.jpg,2
images/img_0027433.jpg,6 8
images/img_0025095.jpg,3
images/img_0014473.jpg,0
images/img_0018551.jpg,0
images/img_0013625.jpg,1
images/img_0006727.jpg,0
images/img_0027406.jpg,4
images/img_0005980.jpg,4
images/img_0016598.jpg,0
images/img_0010145.jpg,0
images/img_0025000.jpg,3
images/img_0003841.jpg,5
images/img_0021594.jpg,0
images/img_0016872.jpg,6 8
images/img_0004757.jpg,1 2
images/img_0023133.jpg,3 9
images/img_0005162.jpg,1
images/img_0009528.jpg,10
images/img_0018957.jpg,2
images/img_0020243.jpg,1
images/img_0025215.jpg,0
images/img_0023331.jpg,7
images/img_0001466.jpg,0
images/img_0025576.jpg,3
images/img_0014033.jpg,3
images/img_0014591.jpg,2 5
images/img_0019594.jpg,3 9
images/img_0009006.jpg,1
images/img_0028362.jpg,9
images/img_0027191.jpg,7 8
images/img_0011196.jpg,1 2
images/img_0026336.jpg,0
images/img_0003472.jpg,0
images/img_0009372.jpg,1
images/img_0027208.jpg,4
images/img_0004576.jpg,10
images/img_0019814.jpg,3
images/img_0029815.jpg,1
images/img_0019823.jpg,4
images/img_0009955.jpg,0 3
images/img_0021554.jpg,0
images/img_0023224.jpg,7
images/img_0024589.jpg,5
images/img_0000161.jpg,9
images/img_0024249.jpg,1 5
images/img_0006639.jpg,2
images/img_0029394.jpg,0
images/img_0006118.jpg,0
images/img_0000660.jpg,10
images/img_0008039.jpg,3
images/img_0001965.jpg,0
images/img_0020288.jpg,2
images/img_0012353.jpg,0
images/img_0025066.jpg,2 9
images/img_0010995.jpg,8
images/img_0008779.jpg,0
images/img_0005829.jpg,0
images/img_0024024.jpg,3
images/img_0006157.jpg,1
images/img_0003910.jpg,5
images/img_0003740.jpg,2
images/img_0000854.jpg,4
images/img_0026628.jpg,6
images/img_0010913.jpg,9
images/img_0025775.jpg,1
images/img_0012875.jpg,1
images/img_0021041.jpg,3
images/img_0025868.jpg,0
images/img_0008653.jpg,2
images/img_0011710.jpg,6 8
images/img_0009134.jpg,0
images/img_0002070.jpg,3
images/img_0020572.jpg,0
images/img_0026265.jpg,5
images/img_0011082.jpg,0
images/img_0013114.jpg,3 4
images/img_0011116.jpg,0
images/img_0013157.jpg,7
images/img_0013475.jpg,1 3 5
images/img_0017518.jpg,3
images/img_0026104.jpg,3
images/img_0001552.jpg,1
images/img_0014565.jpg,1
images/img_0000583.jpg,0
images/img_0011929.jpg,3
images/img_0011529.jpg,5
images/img_0016809.jpg,5
images/img_0002096.jpg,1
images/img_0004320.jpg,3
images/img_0009174.jpg,4
images/img_0017672.jpg,1 2
images/img_0000615.jpg,1
images/img_0014829.jpg,0
images/img_0022210.jpg,0
images/img_0024052.jpg,1
images/img_0018585.jpg,9
images/img_0012364.jpg,1
images/img_0016717.jpg,0
images/img_0019199.jpg,1
images/img_0020270.jpg,1
images/img_0016708.jpg,0
images/img_0002824.jpg,1 3
images/img_0016852.jpg,3
images/img_0026311.jpg,4
images/img_0009049.jpg,0
images/img_0000043.jpg,0
images/img_0005876.jpg,4
images/img_0002479.jpg,9
images/img_0002765.jpg,0
images/img_0008271.jpg,10
images/img_0022463.jpg,8
images/img_0020060.jpg,1
images/img_0021810.jpg,6 8
images/img_0003742.jpg,0
images/img_0003470.jpg,1
images/img_0015368.jpg,8
images/img_0015192.jpg,0
images/img_0025098.jpg,1
images/img_0006816.jpg,10
images/img_0013253.jpg,2
images/img_0009917.jpg,5
images/img_0013427.jpg,9
images/img_0024688.jpg,1
images/img_0019537.jpg,10
images/img_0015874.jpg,9
images/img_0000450.jpg,0
images/img_0014850.jpg,5
images/img_0012110.jpg,3
images/img_0004362.jpg,1
images/img_0029593.jpg,3
images/img_0004264.jpg,1
images/img_0014924.jpg,2
images/img_0029908.jpg,0
images/img_0025083.jpg,1 9
images/img_0013238.jpg,4
images/img_0022136.jpg,0
images/img_0025998.jpg,2
images/img_0018972.jpg,5 9
images/img_0006939.jpg,7
images/img_0003611.jpg,0
images/img_0019649.jpg,0
images/img_0018232.jpg,4
images/img_0016670.jpg,1
images/img_0008187.jpg,0
images/img_0022533.jpg,8
images/img_0008427.jpg,3
images/img_0028378.jpg,8
images/img_0026536.jpg,4
images/img_0026822.jpg,9
images/img_0025651.jpg,3
images/img_0020825.jpg,2 4
images/img_0022161.jpg,9
images/img_0000980.jpg,9
images/img_0016913.jpg,1
images/img_0014116.jpg,0
images/img_0009794.jpg,3
images/img_0000700.jpg,1
images/img_0017981.jpg,0
images/img_0020939.jpg,1
images/img_0006108.jpg,0
images/img_0009892.jpg,4
images/img_0018175.jpg,1 2
images/img_0004411.jpg,9
images/img_0004365.jpg,0
images/img_0002175.jpg,3
images/img_0011739.jpg,9
images/img_0011383.jpg,0
images/img_0007771.jpg,4
images/img_0005198.jpg,0
images/img_0000201.jpg,5
images/img_0024598.jpg,3
images/img_0007645.jpg,1
images/img_0021595.jpg,0
images/img_0024814.jpg,0
images/img_0017007.jpg,0
images/img_0017343.jpg,2
images/img_0006206.jpg,1
images/img_0007683.jpg,0
images/img_0012717.jpg,1
images/img_0027693.jpg,5
images/img_0029783.jpg,0
images/img_0029864.jpg,0
images/img_0011914.jpg,1
images/img_0000895.jpg,1
images/img_0008755.jpg,6
images/img_0009519.jpg,1
images/img_0006742.jpg,0
images/img_0022212.jpg,0
images/img_0006485.jpg,0
images/img_0001834.jpg,9
images/img_0020942.jpg,0
images/img_0015625.jpg,0
images/img_0023949.jpg,4
images/img_0001455.jpg,5
images/img_0021811.jpg,0
images/img_0023352.jpg,4
images/img_0027427.jpg,0
images/img_0010330.jpg,10
images/img_0010661.jpg,9
images/img_0015858.jpg,9
images/img_0011521.jpg,9
images/img_0029203.jpg,2
images/img_0001975.jpg,3
images/img_0000377.jpg,2
images/img_0019234.jpg,3
images/img_0029019.jpg,0
images/img_0005175.jpg,1
images/img_0028226.jpg,4
images/img_0021171.jpg,3
images/img_0003670.jpg,0
images/img_0006621.jpg,1
images/img_0021216.jpg,3
images/img_0008995.jpg,3
images/img_0000733.jpg,4
images/img_0015989.jpg,6 8
images/img_0014295.jpg,1 5
images/img_0013095.jpg,1
images/img_0014438.jpg,0
images/img_0016446.jpg,9
images/img_0004470.jpg,5 9
images/img_0004399.jpg,1
images/img_0024840.jpg,8
images/img_0024089.jpg,5 9
images/img_0012617.jpg,9
images/img_0020366.jpg,1
images/img_0026153.jpg,5
images/img_0022119.jpg,9
images/img_0029309.jpg,0
images/img_0029456.jpg,1
images/img_0005844.jpg,9
images/img_0003770.jpg,2
images/img_0013844.jpg,7
images/img_0021785.jpg,0
images/img_0000309.jpg,8
images/img_0026988.jpg,0
images/img_0024596.jpg,1
images/img_0014988.jpg,0
images/img_0026714.jpg,5
images/img_0028911.jpg,9
images/img_0006201.jpg,6 8
images/img_0016358.jpg,1 2 4
images/img_0028653.jpg,0
images/img_0024234.jpg,3
images/img_0008385.jpg,1
images/img_0024868.jpg,6 8
images/img_0012815.jpg,1
images/img_0012619.jpg,1
images/img_0003510.jpg,4
images/img_0008353.jpg,1
images/img_0016766.jpg,0
images/img_0003421.jpg,3
images/img_0002060.jpg,0
images/img_0006765.jpg,0
images/img_0026299.jpg,8
images/img_0021322.jpg,0
images/img_0010311.jpg,1 4
images/img_0027297.jpg,0
images/img_0007728.jpg,1
images/img_0016300.jpg,0
images/img_0026073.jpg,3
images/img_0007929.jpg,1 2 4 9
images/img_0003469.jpg,1
images/img_0013150.jpg,0
images/img_0009965.jpg,6
images/img_0027553.jpg,3
images/img_0025329.jpg,0
images/img_0000525.jpg,7
images/img_0024690.jpg,5 10
images/img_0013903.jpg,1
images/img_0002759.jpg,3
images/img_0016923.jpg,0
images/img_0008506.jpg,0
images/img_0003289.jpg,4
images/img_0022787.jpg,10
images/img_0005340.jpg,1 2 9
images/img_0010203.jpg,3
images/img_0013000.jpg,9
images/img_0009141.jpg,4
images/img_0004309.jpg,1
images/img_0021876.jpg,0
images/img_0028636.jpg,4 5
images/img_0017556.jpg,3
images/img_0000503.jpg,1
images/img_0015692.jpg,4
images/img_0006193.jpg,3
images/img_0009573.jpg,3
images/img_0024463.jpg,3
images/img_0026517.jpg,1
images/img_0016029.jpg,2
images/img_0009151.jpg,3
images/img_0018630.jpg,3
images/img_0008217.jpg,5
images/img_0020537.jpg,0
images/img_0010960.jpg,0
images/img_0013459.jpg,3
images/img_0007904.jpg,0
images/img_0019923.jpg,0
images/img_0009905.jpg,0
images/img_0021107.jpg,3 4
images/img_0023344.jpg,5 9
images/img_0016982.jpg,8
images/img_0016402.jpg,5
images/img_0010912.jpg,3
images/img_0029605.jpg,0
images/img_0009377.jpg,4
images/img_0020694.jpg,9
images/img_0027762.jpg,0
images/img_0007589.jpg,10
images/img_0025062.jpg,1 5
images/img_0025408.jpg,0
images/img_0020303.jpg,6 8
images/img_0022451.jpg,9
images/img_0028341.jpg,0
images/img_0024499.jpg,9
images/img_0006042.jpg,0
images/img_0027474.jpg,1 2 4
images/img_0019682.jpg,8
images/img_0016192.jpg,8
images/img_0019333.jpg,5
images/img_0022601.jpg,0
images/img_0006649.jpg,0
images/img_0017735.jpg,2
images/img_0027391.jpg,2
images/img_0005530.jpg,9
images/img_0028447.jpg,0
images/img_0012105.jpg,1
images/img_0007543.jpg,3
images/img_0016370.jpg,0
images/img_0001189.jpg,5
images/img_0015532.jpg,0
images/img_0028486.jpg,0
images/img_0008400.jpg,1
images/img_0009440.jpg,2
images/img_0026697.jpg,4
images/img_0005353.jpg,1 5
images/img_0012908.jpg,9
images/img_0017861.jpg,5
images/img_0020023.jpg,2
images/img_0010286.jpg,0
images/img_0023373.jpg,2 5
images/img_0027819.jpg,0
images/img_0019818.jpg,0
images/img_0029302.jpg,0
images/img_0029463.jpg,8
images/img_0019323.jpg,10
images/img_0005230.jpg,2 3 9
images/img_0014707.jpg,2
images/img_0017447.jpg,2
images/img_0002873.jpg,2
images/img_0002976.jpg,1 2
images/img_0029772.jpg,1 9
images/img_0007671.jpg,1
images/img_0000193.jpg,0
images/img_0017182.jpg,2
images/img_0012425.jpg,0
images/img_0011155.jpg,0
images/img_0004246.jpg,5
images/img_0028033.jpg,1 2 4
images/img_0010866.jpg,2
images/img_0012066.jpg,6
images/img_0000578.jpg,1
images/img_0024732.jpg,7
images/img_0009852.jpg,5
images/img_0025898.jpg,4 9
images/img_0003337.jpg,7
images/img_0010953.jpg,3
images/img_0022129.jpg,3
images/img_0000690.jpg,9
images/img_0001799.jpg,9
images/img_0001472.jpg,4
images/img_0026343.jpg,5
images/img_0023443.jpg,3
images/img_0011184.jpg,2
images/img_0007347.jpg,0
images/img_0023189.jpg,3
images/img_0002226.jpg,0
images/img_0013170.jpg,0
images/img_0009706.jpg,0
images/img_0004366.jpg,1 9
images/img_0012083.jpg,2
images/img_0019936.jpg,1
images/img_0000601.jpg,3
images/img_0020053.jpg,1
images/img_0007748.jpg,6
images/img_0018560.jpg,10
images/img_0003114.jpg,9
images/img_0022997.jpg,2
images/img_0014035.jpg,1
images/img_0010465.jpg,2
images/img_0019896.jpg,1
images/img_0024400.jpg,3
images/img_0020441.jpg,1 9
images/img_0022710.jpg,1
images/img_0009042.jpg,9
images/img_0011878.jpg,1
images/img_0014077.jpg,6 8
images/img_0027394.jpg,6 7 8
images/img_0000663.jpg,1 2
images/img_0023834.jpg,9
images/img_0008688.jpg,3
images/img_0028849.jpg,0
images/img_0002012.jpg,1
images/img_0010882.jpg,10
images/img_0029239.jpg,1
images/img_0006472.jpg,1 3 4 9
images/img_0021855.jpg,1 3
images/img_0003665.jpg,0
images/img_0021790.jpg,1
images/img_0011141.jpg,0
images/img_0011880.jpg,0
images/img_0003915.jpg,1
images/img_0008836.jpg,9
images/img_0022996.jpg,0
images/img_0018959.jpg,9
images/img_0026070.jpg,0
images/img_0029500.jpg,1
images/img_0009451.jpg,0
images/img_0018431.jpg,0
images/img_0024304.jpg,0
images/img_0027885.jpg,5
images/img_0009874.jpg,0
images/img_0027413.jpg,6
images/img_0017419.jpg,0
images/img_0021103.jpg,0
images/img_0001649.jpg,1
images/img_0004529.jpg,0
images/img_0023878.jpg,4
images/img_0025442.jpg,0
images/img_0001997.jpg,1
images/img_0026664.jpg,9
images/img_0019019.jpg,1
images/img_0011169.jpg,2
images/img_0020279.jpg,0
images/img_0001755.jpg,0
images/img_0023006.jpg,2
images/img_0004652.jpg,6
images/img_0028232.jpg,0
images/img_0021132.jpg,1 4
images/img_0022935.jpg,5 10
images/img_0004916.jpg,1
images/img_0014927.jpg,9
images/img_0017490.jpg,0
images/img_0020257.jpg,3
images/img_0022534.jpg,8
images/img_0020947.jpg,0
images/img_0021468.jpg,5 10
images/img_0002342.jpg,6
images/img_0003310.jpg,0
images/img_0019616.jpg,1
images/img_0006225.jpg,3
images/img_0012604.jpg,6
images/img_0026296.jpg,1
images/img_0010171.jpg,1
images/img_0000737.jpg,5
images/img_0005664.jpg,4
images/img_0009684.jpg,9
images/img_0014638.jpg,1 5
images/img_0021778.jpg,7
images/img_0019117.jpg,0
images/img_0003107.jpg,1
images/img_0000109.jpg,9
images/img_0006111.jpg,3
images/img_0004550.jpg,10
images/img_0024171.jpg,1
images/img_0013359.jpg,0
images/img_0005504.jpg,1 2 3 4
images/img_0013339.jpg,9
images/img_0001868.jpg,1 2 4
images/img_0017999.jpg,0
images/img_0010059.jpg,7
images/img_0029127.jpg,0
images/img_0004590.jpg,0
images/img_0025487.jpg,1
images/img_0010564.jpg,3
images/img_0021412.jpg,6
images/img_0029323.jpg,2
images/img_0005807.jpg,0 3
images/img_0005606.jpg,3 9
images/img_0002265.jpg,0
images/img_0026297.jpg,9
images/img_0029212.jpg,2
images/img_0025290.jpg,5
images/img_0004183.jpg,0
images/img_0018950.jpg,1 2
images/img_0020204.jpg,5
images/img_0022477.jpg,10
images/img_0016877.jpg,0
images/img_0013018.jpg,3
images/img_0007783.jpg,9
images/img_0001396.jpg,3
images/img_0002584.jpg,4
images/img_0023317.jpg,1 3
images/img_0002803.jpg,2
images/img_0026971.jpg,1 3
images/img_0004314.jpg,1
images/img_0018667.jpg,0
images/img_0015567.jpg,2
images/img_0019863.jpg,9
images/img_0023180.jpg,3
images/img_0009805.jpg,4
images/img_0012433.jpg,9
images/img_0015061.jpg,8
images/img_0012374.jpg,1
images/img_0022214.jpg,10
images/img_0002739.jpg,6
images/img_0028122.jpg,9
images/img_0021572.jpg,1 2
images/img_0004583.jpg,1
images/img_0004413.jpg,9
images/img_0013888.jpg,1
images/img_0016649.jpg,0
images/img_0024778.jpg,0
images/img_0028539.jpg,0
images/img_0008179.jpg,0
images/img_0007231.jpg,0
images/img_0010884.jpg,3
images/img_0019707.jpg,1 4
images/img_0008892.jpg,1
images/img_0028327.jpg,5 9
images/img_0004688.jpg,3
images/img_0004685.jpg,0
images/img_0003221.jpg,9
images/img_0016546.jpg,5
images/img_0024857.jpg,6
images/img_0028796.jpg,0
images/img_0000524.jpg,2 9
images/img_0012398.jpg,10
images/img_0007339.jpg,0
images/img_0009755.jpg,3
images/img_0005481.jpg,1
images/img_0023867.jpg,3
images/img_0008033.jpg,0
images/img_0023671.jpg,3
images/img_0000573.jpg,0
images/img_0022222.jpg,2
images/img_0019939.jpg,1
images/img_0017845.jpg,5
images/img_0017089.jpg,1
images/img_0025240.jpg,3
images/img_0018440.jpg,0
images/img_0003175.jpg,0
images/img_0008898.jpg,2
images/img_0006928.jpg,4
images/img_0024523.jpg,4 9
images/img_0005859.jpg,1
images/img_0024151.jpg,0
images/img_0018547.jpg,1 2
images/img_0003237.jpg,5 9
images/img_0015992.jpg,1 2
images/img_0015525.jpg,10
images/img_0002940.jpg,9
images/img_0012935.jpg,1 4
images/img_0020228.jpg,4
images/img_0023655.jpg,0
images/img_0018480.jpg,1
images/img_0003983.jpg,8
images/img_0012655.jpg,0
images/img_0006093.jpg,2
images/img_0000647.jpg,9
images/img_0027856.jpg,3
images/img_0009598.jpg,2 4
images/img_0024397.jpg,0
images/img_0002196.jpg,0
images/img_0009379.jpg,4
images/img_0023916.jpg,1
images/img_0022347.jpg,0
images/img_0004016.jpg,7
images/img_0000111.jpg,1
images/img_0019605.jpg,10
images/img_0003925.jpg,1
images/img_0026190.jpg,10
images/img_0025036.jpg,0
images/img_0028808.jpg,0
images/img_0004071.jpg,0
images/img_0028760.jpg,4
images/img_0001986.jpg,0
images/img_0014040.jpg,0
images/img_0009271.jpg,9
images/img_0018498.jpg,0
images/img_0007265.jpg,0
images/img_0028906.jpg,1
images/img_0028116.jpg,3
images/img_0007974.jpg,3
images/img_0015650.jpg,8
images/img_0020074.jpg,3
images/img_0000151.jpg,5
images/img_0020707.jpg,9
images/img_0026637.jpg,1 2 3
images/img_0014252.jpg,9
images/img_0015170.jpg,2
images/img_0009879.jpg,2
images/img_0009077.jpg,0
images/img_0024764.jpg,0
images/img_0007315.jpg,3
images/img_0027906.jpg,0
images/img_0023672.jpg,0
images/img_0011492.jpg,7
images/img_0018648.jpg,5
images/img_0007601.jpg,2 5
images/img_0008450.jpg,3
images/img_0020606.jpg,2
images/img_0000843.jpg,2
images/img_0003217.jpg,10
images/img_0021578.jpg,1 3
images/img_0024947.jpg,8
images/img_0006123.jpg,10
images/img_0004824.jpg,8
images/img_0017725.jpg,1
images/img_0026463.jpg,3
images/img_0028485.jpg,3
images/img_0000687.jpg,0
images/img_0014961.jpg,5
images/img_0029787.jpg,9
images/img_0018569.jpg,10
images/img_0028912.jpg,1 3 4
images/img_0025188.jpg,9
images/img_0010150.jpg,0
images/img_0022578.jpg,3
images/img_0029746.jpg,8
images/img_0023982.jpg,4
images/img_0005512.jpg,4
images/img_0027572.jpg,1 5
images/img_0029411.jpg,0
images/img_0006370.jpg,0
images/img_0003862.jpg,1 3
images/img_0005970.jpg,0
images/img_0026738.jpg,0
images/img_0012585.jpg,1
images/img_0009012.jpg,0
images/img_0024450.jpg,8
images/img_0004627.jpg,2 5
images/img_0019565.jpg,9
images/img_0004588.jpg,8
images/img_0004009.jpg,0
images/img_0027691.jpg,1
images/img_0013561.jpg,2
images/img_0009681.jpg,1
images/img_0017688.jpg,5
images/img_0020680.jpg,2
images/img_0018436.jpg,2
images/img_0002345.jpg,9
images/img_0024489.jpg,9
images/img_0007212.jpg,1
images/img_0028436.jpg,5
images/img_0016561.jpg,2
images/img_0007924.jpg,0
images/img_0027227.jpg,1
images/img_0011189.jpg,10
images/img_0011380.jpg,8
images/img_0022726.jpg,6
images/img_0028519.jpg,2
images/img_0019964.jpg,1
images/img_0011269.jpg,10
images/img_0003498.jpg,2
images/img_0014154.jpg,9
images/img_0012027.jpg,3
images/img_0024137.jpg,10
images/img_0004680.jpg,0
images/img_0017430.jpg,0
images/img_0019902.jpg,1
images/img_0008707.jpg,0
images/img_0005609.jpg,1
images/img_0020553.jpg,5
images/img_0016549.jpg,10
images/img_0016301.jpg,0
images/img_0000243.jpg,0
images/img_0025738.jpg,8
images/img_0021813.jpg,9
images/img_0016057.jpg,5
images/img_0022816.jpg,2
images/img_0023532.jpg,3
images/img_0028135.jpg,2
images/img_0020736.jpg,0
images/img_0010640.jpg,2
images/img_0010165.jpg,3
images/img_0017243.jpg,2
images/img_0019805.jpg,9
images/img_0024165.jpg,0
images/img_0026379.jpg,4
images/img_0018170.jpg,0
images/img_0014516.jpg,0
images/img_0026174.jpg,3 5
images/img_0024505.jpg,10
images/img_0029831.jpg,0
images/img_0009020.jpg,1
images/img_0014058.jpg,4
images/img_0001185.jpg,1
images/img_0002348.jpg,2 4
images/img_0017424.jpg,8
images/img_0021399.jpg,1
images/img_0024329.jpg,3
images/img_0024718.jpg,0
images/img_0013402.jpg,2
images/img_0028547.jpg,3
images/img_0008703.jpg,0
images/img_0007703.jpg,0
images/img_0014962.jpg,2
images/img_0009067.jpg,1
images/img_0027674.jpg,0
images/img_0021872.jpg,10
images/img_0012120.jpg,1
images/img_0014875.jpg,1
images/img_0022449.jpg,1
images/img_0000221.jpg,0
images/img_0012214.jpg,2
images/img_0013337.jpg,5
images/img_0017270.jpg,1
images/img_0004126.jpg,9
images/img_0003497.jpg,6 7
images/img_0021611.jpg,8
images/img_0007296.jpg,8
images/img_0002966.jpg,2
images/img_0000273.jpg,3
images/img_0026197.jpg,5
images/img_0010490.jpg,9
images/img_0029792.jpg,0
images/img_0010164.jpg,0
images/img_0001633.jpg,0
images/img_0021980.jpg,0
images/img_0009364.jpg,3
images/img_0003547.jpg,3
images/img_0016590.jpg,1
images/img_0019754.jpg,5 9
images/img_0014769.jpg,1
images/img_0010715.jpg,3
images/img_0015993.jpg,0
images/img_0017326.jpg,2
images/img_0019457.jpg,0
images/img_0019640.jpg,5
images/img_0014693.jpg,1
images/img_0029051.jpg,7
images/img_0012001.jpg,9
images/img_0011895.jpg,2
images/img_0007188.jpg,1
images/img_0007819.jpg,3
images/img_0025547.jpg,5
images/img_0014546.jpg,1
images/img_0000642.jpg,3
images/img_0014606.jpg,0
images/img_0022798.jpg,9
images/img_0014971.jpg,3
images/img_0026224.jpg,1 4
images/img_0027411.jpg,1
images/img_0003393.jpg,3
images/img_0015545.jpg,1 2
images/img_0027176.jpg,2
images/img_0025138.jpg,0
images/img_0029027.jpg,10
images/img_0003897.jpg,2
images/img_0023080.jpg,1
images/img_0019509.jpg,1
images/img_0001054.jpg,9
images/img_0023603.jpg,1 3
images/img_0017047.jpg,6 7 8
images/img_0001176.jpg,1
images/img_0015557.jpg,7
images/img_0023269.jpg,1
images/img_0007447.jpg,10
images/img_0016495.jpg,0
images/img_0006513.jpg,3
images/img_0006288.jpg,1
images/img_0028524.jpg,0
images/img_0015566.jpg,1 2 4
images/img_0022898.jpg,0
images/img_0007340.jpg,0
images/img_0001591.jpg,2
images/img_0016592.jpg,5 10
images/img_0011443.jpg,4
images/img_0003808.jpg,0
images/img_0012714.jpg,9
images/img_0013033.jpg,9
images/img_0023472.jpg,2
images/img_0004473.jpg,1
images/img_0026682.jpg,0
images/img_0029827.jpg,8
images/img_0015124.jpg,1
images/img_0012656.jpg,0
images/img_0004887.jpg,0
images/img_0012922.jpg,1
images/img_0024524.jpg,1
images/img_0011590.jpg,10
images/img_0020333.jpg,0
images/img_0017302.jpg,2 9
images/img_0013788.jpg,0
images/img_0019913.jpg,1
images/img_0025012.jpg,10
images/img_0018962.jpg,5
images/img_0017132.jpg,0
images/img_0012966.jpg,0
images/img_0013812.jpg,2
images/img_0009066.jpg,1 2
images/img_0000194.jpg,4
images/img_0020741.jpg,3
images/img_0006641.jpg,0
images/img_0011994.jpg,1
images/img_0009462.jpg,9
images/img_0015469.jpg,1
images/img_0027741.jpg,8
images/img_0025887.jpg,1 3 4 5
images/img_0007529.jpg,1 3
images/img_0001098.jpg,5
images/img_0005856.jpg,6 8
images/img_0006682.jpg,4
images/img_0010524.jpg,9
images/img_0025609.jpg,3 4
images/img_0021918.jpg,1
images/img_0021142.jpg,6 8
images/img_0019223.jpg,1
images/img_0024800.jpg,10
images/img_0023219.jpg,5
images/img_0010609.jpg,5
images/img_0009728.jpg,2
images/img_0020471.jpg,1 2
images/img_0020368.jpg,0
images/img_0010685.jpg,3
images/img_0005068.jpg,10
images/img_0016797.jpg,0
images/img_0005999.jpg,0
images/img_0027000.jpg,0
images/img_0029301.jpg,0
images/img_0020159.jpg,3
images/img_0003772.jpg,3
images/img_0002184.jpg,2 10
images/img_0016232.jpg,10
images/img_0013871.jpg,6 8
images/img_0008106.jpg,9
images/img_0004203.jpg,1
images/img_0016090.jpg,0 2
images/img_0023912.jpg,1
images/img_0007940.jpg,5
images/img_0020830.jpg,3
images/img_0027255.jpg,1
images/img_0018496.jpg,2
images/img_0020684.jpg,9
images/img_0019075.jpg,6 8
images/img_0015945.jpg,1
images/img_0028265.jpg,0
images/img_0019812.jpg,1
images/img_0017842.jpg,0
images/img_0020637.jpg,0
images/img_0008200.jpg,3
images/img_0004364.jpg,4
images/img_0001534.jpg,10
images/img_0002606.jpg,0
images/img_0027128.jpg,3
images/img_0010808.jpg,0
images/img_0017156.jpg,4
images/img_0003684.jpg,2
images/img_0023739.jpg,7
images/img_0000918.jpg,0
images/img_0001762.jpg,3
images/img_0027004.jpg,0
images/img_0022293.jpg,4
images/img_0024472.jpg,2 4
images/img_0027424.jpg,0
images/img_0020395.jpg,8
images/img_0010199.jpg,3
images/img_0008270.jpg,2 9
images/img_0028340.jpg,8
images/img_0017905.jpg,5
images/img_0008629.jpg,5
images/img_0017138.jpg,9
images/img_0013528.jpg,0
images/img_0022676.jpg,7
images/img_0025736.jpg,0
images/img_0020483.jpg,0
images/img_0024755.jpg,0
images/img_0002078.jpg,3
images/img_0010423.jpg,1
images/img_0005864.jpg,0
images/img_0026666.jpg,0
images/img_0008879.jpg,0
images/img_0001693.jpg,4
images/img_0026246.jpg,4
images/img_0010634.jpg,1
images/img_0029552.jpg,9
images/img_0001573.jpg,9
images/img_0005656.jpg,2
images/img_0000189.jpg,0
images/img_0021532.jpg,9
images/img_0016201.jpg,10
images/img_0004729.jpg,0
images/img_0028162.jpg,1
images/img_0011298.jpg,5
images/img_0007780.jpg,0
images/img_0002368.jpg,5
images/img_0014376.jpg,5 9
images/img_0000692.jpg,9
images/img_0011079.jpg,7 8
images/img_0001777.jpg,3 4
images/img_0003890.jpg,1
images/img_0028660.jpg,7
images/img_0000258.jpg,3
images/img_0001571.jpg,6 7 8
images/img_0015121.jpg,0
images/img_0022835.jpg,3
images/img_0009551.jpg,0
images/img_0003681.jpg,10
images/img_0015181.jpg,1
images/img_0017223.jpg,1 2
images/img_0027471.jpg,1
images/img_0013463.jpg,5
images/img_0026647.jpg,1
images/img_0028350.jpg,2
images/img_0007525.jpg,7
images/img_0019460.jpg,0
images/img_0005621.jpg,0
images/img_0027918.jpg,7
images/img_0021313.jpg,0
images/img_0011679.jpg,3
images/img_0026726.jpg,1
images/img_0026005.jpg,1
images/img_0014028.jpg,1
images/img_0029942.jpg,3
images/img_0013145.jpg,4
images/img_0006263.jpg,9
images/img_0001579.jpg,3
images/img_0003825.jpg,2
images/img_0026290.jpg,8
images/img_0003788.jpg,7
images/img_0022352.jpg,1 4
images/img_0026580.jpg,2
images/img_0009423.jpg,0
images/img_0018535.jpg,1
images/img_0027717.jpg,1
images/img_0006932.jpg,0
images/img_0000495.jpg,0
images/img_0004716.jpg,5
images/img_0019272.jpg,7
images/img_0026002.jpg,5
images/img_0004373.jpg,0
images/img_0023130.jpg,1 2
images/img_0029327.jpg,2
images/img_0012137.jpg,5
images/img_0014573.jpg,1
images/img_0007566.jpg,7
images/img_0023429.jpg,0
images/img_0004797.jpg,0
images/img_0008677.jpg,1
images/img_0014042.jpg,2
images/img_0024805.jpg,1
images/img_0017386.jpg,1
images/img_0024439.jpg,9
images/img_0023392.jpg,2 4
images/img_0018324.jpg,0
images/img_0028994.jpg,1 3
images/img_0002618.jpg,0
images/img_0011877.jpg,0
images/img_0015499.jpg,0
images/img_0025307.jpg,3
images/img_0004935.jpg,8
images/img_0024107.jpg,10
images/img_0013023.jpg,8
images/img_0014491.jpg,1
images/img_0018147.jpg,0
images/img_0004341.jpg,2
images/img_0012482.jpg,0
images/img_0010327.jpg,5 9
images/img_0006950.jpg,0
images/img_0010975.jpg,0
images/img_0015333.jpg,0
images/img_0022409.jpg,0
images/img_0002384.jpg,0
images/img_0008885.jpg,1
images/img_0001886.jpg,2
images/img_0011447.jpg,3
images/img_0006651.jpg,0
images/img_0004915.jpg,9
images/img_0007197.jpg,10
images/img_0002919.jpg,9
images/img_0026831.jpg,1
images/img_0012488.jpg,10
images/img_0028545.jpg,0
images/img_0000332.jpg,1
images/img_0023492.jpg,0
images/img_0002540.jpg,0
images/img_0010648.jpg,9
images/img_0018154.jpg,1
images/img_0024996.jpg,1
images/img_0026795.jpg,0
images/img_0011889.jpg,1
images/img_0020603.jpg,1
images/img_0023059.jpg,2 4
images/img_0009304.jpg,0
images/img_0010837.jpg,0
images/img_0007825.jpg,0
images/img_0004144.jpg,10
images/img_0003723.jpg,4 9
images/img_0029575.jpg,0
images/img_0009156.jpg,9
images/img_0005691.jpg,10
images/img_0015720.jpg,0
images/img_0020860.jpg,1 4
images/img_0018749.jpg,1
images/img_0007595.jpg,9
images/img_0024979.jpg,1
images/img_0021556.jpg,1 5
images/img_0006584.jpg,1
images/img_0008183.jpg,1
images/img_0017959.jpg,1 4
images/img_0013627.jpg,1
images/img_0004210.jpg,10
images/img_0020263.jpg,3
images/img_0001628.jpg,9
images/img_0013714.jpg,2 5
images/img_0007084.jpg,0
images/img_0008504.jpg,7
images/img_0010236.jpg,3
images/img_0007568.jpg,9
images/img_0027432.jpg,0
images/img_0000640.jpg,10
images/img_0001518.jpg,0
images/img_0022240.jpg,0
images/img_0027258.jpg,0
images/img_0015185.jpg,3 4
images/img_0013836.jpg,1
images/img_0011138.jpg,1
images/img_0014013.jpg,1
images/img_0027729.jpg,2
images/img_0011698.jpg,3
images/img_0008796.jpg,8
images/img_0023300.jpg,4
images/img_0023368.jpg,1
images/img_0013909.jpg,4
images/img_0023589.jpg,2
images/img_0015049.jpg,1 3
images/img_0021444.jpg,3
images/img_0028504.jpg,4
images/img_0014126.jpg,0
images/img_0013331.jpg,2 3
images/img_0026904.jpg,10
images/img_0029345.jpg,0
images/img_0028480.jpg,9
images/img_0007727.jpg,3
images/img_0029210.jpg,1 3
images/img_0007000.jpg,4 9
images/img_0008558.jpg,3
images/img_0026347.jpg,0
images/img_0029611.jpg,8
images/img_0023911.jpg,3 5
images/img_0005056.jpg,3
images/img_0026124.jpg,2
images/img_0025783.jpg,3
images/img_0000780.jpg,2
images/img_0011793.jpg,1
images/img_0023087.jpg,5
images/img_0021305.jpg,9
images/img_0022472.jpg,7 8
images/img_0000240.jpg,10
images/img_0007071.jpg,3 5 9
images/img_0021693.jpg,0
images/img_0023773.jpg,0
images/img_0015088.jpg,5 9
images/img_0023896.jpg,0
images/img_0021267.jpg,0
images/img_0028357.jpg,0
images/img_0025787.jpg,3
images/img_0009838.jpg,0
images/img_0010834.jpg,6
images/img_0008547.jpg,5
images/img_0001906.jpg,1
images/img_0006226.jpg,7
images/img_0009019.jpg,9
images/img_0017873.jpg,0
images/img_0028069.jpg,9
images/img_0013465.jpg,1 2
images/img_0012952.jpg,1
images/img_0022274.jpg,5
images/img_0013156.jpg,5
images/img_0002007.jpg,0
images/img_0013900.jpg,3 4
images/img_0028589.jpg,0
images/img_0017792.jpg,1 4
images/img_0012670.jpg,1 3
images/img_0017193.jpg,0
images/img_0026739.jpg,0
images/img_0007155.jpg,9
images/img_0013282.jpg,0
images/img_0021253.jpg,10
images/img_0016737.jpg,1
images/img_0014413.jpg,0
images/img_0026947.jpg,5
images/img_0014729.jpg,0
images/img_0007544.jpg,6
images/img_0016414.jpg,9
images/img_0000395.jpg,1 3
images/img_0015971.jpg,2
images/img_0003764.jpg,3 9
images/img_0017879.jpg,1
images/img_0024813.jpg,2
images/img_0008652.jpg,10
images/img_0028055.jpg,3
images/img_0020091.jpg,10
images/img_0015849.jpg,1 2
images/img_0008751.jpg,9
images/img_0028143.jpg,0
images/img_0021392.jpg,1 2
images/img_0008311.jpg,1 4
images/img_0025483.jpg,0
images/img_0005377.jpg,2
images/img_0000152.jpg,2
images/img_0018462.jpg,9
images/img_0024894.jpg,0
images/img_0006676.jpg,10
images/img_0013563.jpg,9
images/img_0016826.jpg,0
images/img_0001560.jpg,8
images/img_0006090.jpg,10
images/img_0021767.jpg,7
images/img_0023688.jpg,3
images/img_0001094.jpg,0
images/img_0020035.jpg,0
images/img_0000338.jpg,2 3
images/img_0029749.jpg,4
images/img_0004904.jpg,5
images/img_0008762.jpg,3
images/img_0024064.jpg,9
images/img_0016027.jpg,3 5
images/img_0022570.jpg,2
images/img_0021851.jpg,10
images/img_0001350.jpg,0
images/img_0005861.jpg,1
images/img_0006303.jpg,4
images/img_0024540.jpg,2
images/img_0002648.jpg,2
images/img_0022664.jpg,3
images/img_0012399.jpg,0
images/img_0029120.jpg,2
images/img_0006823.jpg,1
images/img_0000324.jpg,0
images/img_0001775.jpg,9
images/img_0024684.jpg,10
images/img_0007095.jpg,5
images/img_0014847.jpg,1
images/img_0009397.jpg,5
images/img_0006525.jpg,2
images/img_0025574.jpg,1
images/img_0005774.jpg,0
images/img_0007781.jpg,3
images/img_0021692.jpg,2 9
images/img_0022920.jpg,4
images/img_0021856.jpg,0
images/img_0026593.jpg,1
images/img_0002115.jpg,3
images/img_0009815.jpg,4 9
images/img_0019728.jpg,1 3 4 5
images/img_0003669.jpg,1
images/img_0006216.jpg,1
images/img_0027008.jpg,10
images/img_0004789.jpg,5
images/img_0018924.jpg,9
images/img_0013593.jpg,0
images/img_0024738.jpg,5
images/img_0014907.jpg,10
images/img_0028828.jpg,10
images/img_0007807.jpg,1 3
images/img_0014783.jpg,1
images/img_0004944.jpg,2 4
images/img_0017499.jpg,2
images/img_0000953.jpg,0
images/img_0026180.jpg,1 3 4 9
images/img_0019671.jpg,0
images/img_0005669.jpg,6 8
images/img_0013497.jpg,0
images/img_0001128.jpg,0
images/img_0011667.jpg,0
images/img_0019005.jpg,1
images/img_0003722.jpg,6 8
images/img_0015011.jpg,1 2 4
images/img_0006007.jpg,7
images/img_0016312.jpg,9
images/img_0002343.jpg,4 9
images/img_0013438.jpg,1
images/img_0024826.jpg,3
images/img_0000596.jpg,9
images/img_0009500.jpg,0
images/img_0016645.jpg,1
images/img_0010234.jpg,0
images/img_0010103.jpg,1 2
images/img_0017397.jpg,0
images/img_0021017.jpg,0
images/img_0010371.jpg,2
images/img_0010377.jpg,4
images/img_0006791.jpg,0
images/img_0001890.jpg,1 3
images/img_0017280.jpg,3
images/img_0013324.jpg,1
images/img_0026154.jpg,1
images/img_0027322.jpg,2
images/img_0024114.jpg,1
images/img_0006037.jpg,5
images/img_0002545.jpg,1
images/img_0025871.jpg,5 9
images/img_0005007.jpg,5
images/img_0006531.jpg,6
images/img_0015387.jpg,0
images/img_0029452.jpg,3
images/img_0003751.jpg,0
images/img_0026341.jpg,0
images/img_0007054.jpg,4 5
images/img_0003222.jpg,0
images/img_0014910.jpg,9
images/img_0018094.jpg,4
images/img_0002211.jpg,0
images/img_0013493.jpg,1
images/img_0021561.jpg,0
images/img_0008591.jpg,1
images/img_0020994.jpg,0
images/img_0013850.jpg,10
images/img_0016205.jpg,0
images/img_0016517.jpg,4
images/img_0008397.jpg,0
images/img_0008186.jpg,4 5
images/img_0009597.jpg,2
images/img_0010201.jpg,0
images/img_0013404.jpg,5
images/img_0025395.jpg,2
images/img_0027110.jpg,3
images/img_0023541.jpg,5
images/img_0000067.jpg,7
images/img_0028153.jpg,2
images/img_0025967.jpg,0
images/img_0017831.jpg,1
images/img_0016073.jpg,3
images/img_0005605.jpg,0
images/img_0014868.jpg,3
images/img_0005996.jpg,3
images/img_0021910.jpg,1 2
images/img_0029957.jpg,0
images/img_0024990.jpg,5
images/img_0006173.jpg,5
images/img_0011303.jpg,7
images/img_0009809.jpg,4
images/img_0007132.jpg,6
images/img_0028843.jpg,1
images/img_0007082.jpg,0 3
images/img_0019535.jpg,4
images/img_0018714.jpg,3
images/img_0029278.jpg,2
images/img_0003907.jpg,4 9
images/img_0013809.jpg,1
images/img_0023634.jpg,2
images/img_0012929.jpg,4
images/img_0024436.jpg,10
images/img_0006574.jpg,2 4
images/img_0029589.jpg,4
images/img_0011804.jpg,1
images/img_0000257.jpg,1 3
images/img_0012151.jpg,1
images/img_0019322.jpg,5 10
images/img_0012541.jpg,7 8
images/img_0021539.jpg,0
images/img_0028521.jpg,3
images/img_0009223.jpg,1 2
images/img_0021320.jpg,0
images/img_0010532.jpg,0
images/img_0017977.jpg,0
images/img_0024957.jpg,1
images/img_0001644.jpg,10
images/img_0023347.jpg,5
images/img_0017587.jpg,8
images/img_0017619.jpg,3
images/img_0006818.jpg,1
images/img_0011422.jpg,1
images/img_0019418.jpg,0
images/img_0019295.jpg,10
images/img_0002349.jpg,1
images/img_0024838.jpg,0
images/img_0021953.jpg,9
images/img_0001385.jpg,8
images/img_0012075.jpg,7
images/img_0004976.jpg,3
images/img_0018040.jpg,0
images/img_0005275.jpg,5
images/img_0013266.jpg,2
images/img_0003401.jpg,9
images/img_0007025.jpg,10
images/img_0025381.jpg,1
images/img_0016430.jpg,0
images/img_0026645.jpg,2
images/img_0013697.jpg,4
images/img_0003061.jpg,2 4
images/img_0011789.jpg,7
images/img_0007316.jpg,1
images/img_0022782.jpg,1
images/img_0029847.jpg,9
images/img_0027309.jpg,0
images/img_0028275.jpg,0
images/img_0019159.jpg,7
images/img_0012161.jpg,0
images/img_0009486.jpg,7
images/img_0022479.jpg,10
images/img_0003870.jpg,6 7 8
images/img_0005809.jpg,0
images/img_0003403.jpg,2
images/img_0009895.jpg,9
images/img_0011582.jpg,4
images/img_0012255.jpg,1
images/img_0005842.jpg,5
images/img_0028511.jpg,0
images/img_0017221.jpg,9
images/img_0026046.jpg,3
images/img_0025357.jpg,4
images/img_0016356.jpg,2 5
images/img_0015847.jpg,0
images/img_0006864.jpg,9
images/img_0019150.jpg,8
images/img_0024648.jpg,5
images/img_0025433.jpg,2
images/img_0009778.jpg,2 3
images/img_0025616.jpg,0
images/img_0006911.jpg,1
images/img_0015264.jpg,1
images/img_0007800.jpg,1 3
images/img_0002110.jpg,10
images/img_0003568.jpg,2
images/img_0029865.jpg,1
images/img_0008994.jpg,0
images/img_0004153.jpg,2
images/img_0029592.jpg,2
images/img_0011966.jpg,0
images/img_0001394.jpg,10
images/img_0018858.jpg,0
images/img_0026828.jpg,0
images/img_0018747.jpg,1
images/img_0026877.jpg,10
images/img_0000612.jpg,0
images/img_0006342.jpg,5
images/img_0019738.jpg,0
images/img_0014219.jpg,0
images/img_0024469.jpg,3
images/img_0000909.jpg,7
images/img_0010395.jpg,0
images/img_0002613.jpg,2
images/img_0026601.jpg,5
images/img_0013818.jpg,10
images/img_0012237.jpg,0
images/img_0009686.jpg,0
images/img_0027055.jpg,0
images/img_0009317.jpg,2
images/img_0009718.jpg,2
images/img_0004038.jpg,1 2 4
images/img_0000981.jpg,0
images/img_0005372.jpg,4
images/img_0016277.jpg,9
images/img_0021034.jpg,3
images/img_0007766.jpg,3
images/img_0020175.jpg,10
images/img_0007874.jpg,7 8
images/img_0025327.jpg,1
images/img_0007125.jpg,3 4
images/img_0002033.jpg,1 4
images/img_0007655.jpg,10
images/img_0026787.jpg,10
images/img_0025469.jpg,1
images/img_0007937.jpg,4 9
images/img_0016931.jpg,1
images/img_0021826.jpg,0
images/img_0008555.jpg,1
images/img_0005888.jpg,3
images/img_0009808.jpg,1
images/img_0021581.jpg,7
images/img_0017320.jpg,1 2
images/img_0027219.jpg,0
images/img_0023901.jpg,0
images/img_0025471.jpg,0
images/img_0009083.jpg,1
images/img_0006782.jpg,2
images/img_0018455.jpg,9
images/img_0008191.jpg,3
images/img_0004562.jpg,3
images/img_0008929.jpg,1
images/img_0021348.jpg,0
images/img_0025282.jpg,3
images/img_0019435.jpg,0
images/img_0002473.jpg,2
images/img_0022524.jpg,1
images/img_0023031.jpg,5
images/img_0007821.jpg,1
images/img_0019793.jpg,3
images/img_0005287.jpg,5
images/img_0005969.jpg,0
images/img_0001709.jpg,4
images/img_0002127.jpg,1
images/img_0008875.jpg,0
images/img_0005053.jpg,1
images/img_0025778.jpg,4
images/img_0023544.jpg,7
images/img_0010017.jpg,0
images/img_0013782.jpg,10
images/img_0011408.jpg,2
images/img_0019076.jpg,0
images/img_0003028.jpg,6 8
images/img_0021966.jpg,1
images/img_0005362.jpg,1 2 4
images/img_0029759.jpg,0
images/img_0004054.jpg,7
images/img_0023576.jpg,0
images/img_0022874.jpg,2
images/img_0019917.jpg,2
images/img_0004397.jpg,2
images/img_0007776.jpg,1 4
images/img_0011339.jpg,3
images/img_0001410.jpg,4
images/img_0018271.jpg,0
images/img_0020246.jpg,1
images/img_0027010.jpg,5 9
images/img_0015164.jpg,3
images/img_0020977.jpg,0
images/img_0013580.jpg,0
images/img_0013772.jpg,0
images/img_0008748.jpg,7
images/img_0024635.jpg,1
images/img_0007300.jpg,8
images/img_0006351.jpg,1
images/img_0000034.jpg,0
images/img_0021862.jpg,1
images/img_0029189.jpg,9
images/img_0017848.jpg,1 2
images/img_0003849.jpg,0
images/img_0019675.jpg,7
images/img_0027015.jpg,0 3
images/img_0019504.jpg,0
images/img_0002331.jpg,4
images/img_0027434.jpg,0
images/img_0027217.jpg,1
images/img_0019462.jpg,1
images/img_0024952.jpg,9
images/img_0029814.jpg,1
images/img_0007365.jpg,4
images/img_0003263.jpg,0
images/img_0022475.jpg,4
images/img_0004798.jpg,0
images/img_0028384.jpg,1 9
images/img_0026266.jpg,0
images/img_0012749.jpg,9
images/img_0006629.jpg,2
images/img_0027971.jpg,1 3
images/img_0022238.jpg,8
images/img_0011483.jpg,9
images/img_0026316.jpg,0
images/img_0021119.jpg,4
images/img_0019212.jpg,2
images/img_0002186.jpg,0
images/img_0012586.jpg,2
images/img_0016503.jpg,0
images/img_0021465.jpg,1
images/img_0025345.jpg,4
images/img_0026203.jpg,2
images/img_0005441.jpg,7 8
images/img_0029142.jpg,10
images/img_0021806.jpg,1
images/img_0024885.jpg,0
images/img_0021423.jpg,0
images/img_0022028.jpg,0
images/img_0022106.jpg,0
images/img_0029618.jpg,0
images/img_0018690.jpg,3
images/img_0000542.jpg,9
images/img_0017559.jpg,3
images/img_0013947.jpg,3
images/img_0022250.jpg,9
images/img_0018420.jpg,4
images/img_0014484.jpg,5
images/img_0023338.jpg,0
images/img_0027949.jpg,0
images/img_0028393.jpg,8
images/img_0005789.jpg,1
images/img_0020025.jpg,1 3
images/img_0023913.jpg,8
images/img_0022061.jpg,3
images/img_0003174.jpg,7
images/img_0024358.jpg,1
images/img_0004011.jpg,2
images/img_0023640.jpg,3
images/img_0013285.jpg,5
images/img_0018401.jpg,0
images/img_0005373.jpg,3
images/img_0019547.jpg,9
images/img_0021467.jpg,3
images/img_0016640.jpg,0
images/img_0015413.jpg,10
images/img_0012337.jpg,3 5
images/img_0002042.jpg,4
images/img_0017315.jpg,1
images/img_0018239.jpg,10
images/img_0005097.jpg,5
images/img_0001542.jpg,1
images/img_0025982.jpg,9
images/img_0008194.jpg,0
images/img_0000791.jpg,1 2
images/img_0020154.jpg,1
images/img_0002638.jpg,0
images/img_0023427.jpg,4
images/img_0025262.jpg,0
images/img_0008380.jpg,1
images/img_0021748.jpg,8
images/img_0021896.jpg,2
images/img_0008774.jpg,3
images/img_0012775.jpg,2
images/img_0024405.jpg,3
images/img_0010880.jpg,1
images/img_0006554.jpg,9
images/img_0005592.jpg,0
images/img_0026055.jpg,7
images/img_0028331.jpg,0
images/img_0012899.jpg,1 3
images/img_0028238.jpg,2
images/img_0018405.jpg,1 2
images/img_0014661.jpg,0
images/img_0001526.jpg,0
images/img_0023721.jpg,1 2 3
images/img_0022476.jpg,3
images/img_0007258.jpg,0
images/img_0028795.jpg,2
images/img_0023741.jpg,4
images/img_0023328.jpg,1
images/img_0007523.jpg,0
images/img_0006923.jpg,1 2
images/img_0002502.jpg,0 10
images/img_0014552.jpg,9
images/img_0003356.jpg,2
images/img_0021284.jpg,4
images/img_0009215.jpg,3
images/img_0021528.jpg,0
images/img_0001717.jpg,6
images/img_0002854.jpg,0
images/img_0028885.jpg,3
images/img_0001902.jpg,3
images/img_0027587.jpg,1
images/img_0002501.jpg,3
images/img_0010915.jpg,5
images/img_0019343.jpg,4
images/img_0012306.jpg,0
images/img_0000202.jpg,10
images/img_0004067.jpg,3
images/img_0024883.jpg,0
images/img_0015240.jpg,0
images/img_0006881.jpg,7
images/img_0008283.jpg,1
images/img_0012525.jpg,1
images/img_0014572.jpg,5
images/img_0004668.jpg,3
images/img_0008148.jpg,1
images/img_0024858.jpg,0
images/img_0014944.jpg,3
images/img_0008806.jpg,5
images/img_0002726.jpg,1
images/img_0019970.jpg,5
images/img_0015881.jpg,0
images/img_0023303.jpg,5
images/img_0022174.jpg,1
images/img_0019660.jpg,1
images/img_0001776.jpg,0
images/img_0011641.jpg,3
images/img_0013200.jpg,2 4
images/img_0026145.jpg,1 2 4
images/img_0022026.jpg,5
images/img_0018068.jpg,0
images/img_0015356.jpg,0
images/img_0023973.jpg,7
images/img_0009463.jpg,1
images/img_0021004.jpg,3
images/img_0010680.jpg,0
images/img_0016790.jpg,5 9
images/img_0001295.jpg,1
images/img_0004143.jpg,3 4
images/img_0027189.jpg,1 2
images/img_0026706.jpg,1
images/img_0011944.jpg,1
images/img_0020892.jpg,5
images/img_0013786.jpg,8
images/img_0013405.jpg,4
images/img_0020547.jpg,4
images/img_0021090.jpg,5
images/img_0010135.jpg,3
images/img_0021812.jpg,2
images/img_0024653.jpg,0
images/img_0024553.jpg,0
images/img_0025656.jpg,7
images/img_0017511.jpg,4
images/img_0012829.jpg,0
images/img_0027034.jpg,1
images/img_0009461.jpg,0
images/img_0028773.jpg,3
images/img_0012026.jpg,1
images/img_0009893.jpg,4
images/img_0026165.jpg,2 4
images/img_0019777.jpg,10
images/img_0010002.jpg,0
images/img_0029993.jpg,0
images/img_0014369.jpg,0
images/img_0027942.jpg,1
images/img_0025660.jpg,0
images/img_0011953.jpg,9
images/img_0018308.jpg,1
images/img_0019877.jpg,0
images/img_0005561.jpg,10
images/img_0002269.jpg,4
images/img_0001679.jpg,0
images/img_0019629.jpg,0
images/img_0010749.jpg,0
images/img_0003566.jpg,5
images/img_0022819.jpg,9
images/img_0021868.jpg,7 8
images/img_0013872.jpg,0
images/img_0013261.jpg,0
images/img_0018619.jpg,9
images/img_0021437.jpg,1
images/img_0018238.jpg,0
images/img_0009453.jpg,4
images/img_0003591.jpg,7
images/img_0016776.jpg,0
images/img_0012531.jpg,1 2
images/img_0020679.jpg,0
images/img_0025038.jpg,2 4
images/img_0013602.jpg,5
images/img_0024479.jpg,0
images/img_0017054.jpg,9
images/img_0027458.jpg,4
images/img_0012940.jpg,0
images/img_0003355.jpg,0
images/img_0004340.jpg,1
images/img_0029794.jpg,4
images/img_0015663.jpg,0
images/img_0022404.jpg,3
images/img_0024185.jpg,1 2 5
images/img_0024661.jpg,2
images/img_0026509.jpg,0
images/img_0020131.jpg,10
images/img_0018146.jpg,1
images/img_0001091.jpg,2 3
images/img_0008869.jpg,9
images/img_0021805.jpg,1 9
images/img_0021293.jpg,1 3
images/img_0019996.jpg,4 5
images/img_0022292.jpg,1
images/img_0002784.jpg,0
images/img_0021383.jpg,0
images/img_0000686.jpg,2 4
images/img_0012746.jpg,2 4
images/img_0005395.jpg,1
images/img_0004742.jpg,3
images/img_0006941.jpg,1
images/img_0022809.jpg,3
images/img_0024111.jpg,1
images/img_0018918.jpg,9
images/img_0021892.jpg,2 3
images/img_0009429.jpg,4
images/img_0022121.jpg,4
images/img_0020915.jpg,9
images/img_0012559.jpg,3
images/img_0007383.jpg,2
images/img_0018205.jpg,2
images/img_0001300.jpg,1
images/img_0012807.jpg,0
images/img_0004378.jpg,3
images/img_0018756.jpg,5
images/img_0025497.jpg,1
images/img_0019284.jpg,3
images/img_0006461.jpg,3
images/img_0006623.jpg,4
images/img_0014690.jpg,0
images/img_0013562.jpg,7 8
images/img_0025557.jpg,1 3
images/img_0025045.jpg,9
images/img_0011416.jpg,0
images/img_0018489.jpg,6 8
images/img_0002449.jpg,7
images/img_0000056.jpg,1 2
images/img_0009357.jpg,0
images/img_0011251.jpg,5
images/img_0024570.jpg,1
images/img_0001390.jpg,9
images/img_0016829.jpg,1
images/img_0018161.jpg,5
images/img_0013678.jpg,7
images/img_0012847.jpg,0
images/img_0024293.jpg,10
images/img_0001559.jpg,5
images/img_0018966.jpg,2
images/img_0021240.jpg,1
images/img_0020688.jpg,8
images/img_0006509.jpg,3
images/img_0008632.jpg,4
images/img_0005298.jpg,3
images/img_0016658.jpg,3
images/img_0005515.jpg,8
images/img_0006073.jpg,9
images/img_0004936.jpg,7
images/img_0022047.jpg,2
images/img_0003679.jpg,0
images/img_0011363.jpg,0
images/img_0027210.jpg,2
images/img_0009391.jpg,1
images/img_0015176.jpg,9
images/img_0026292.jpg,1
images/img_0001453.jpg,1 2
images/img_0016609.jpg,0
images/img_0012460.jpg,3
images/img_0016659.jpg,8
images/img_0022760.jpg,3
images/img_0026826.jpg,1
images/img_0010120.jpg,1 4
images/img_0011094.jpg,0
images/img_0006019.jpg,1
images/img_0019548.jpg,1
images/img_0020233.jpg,9
images/img_0016431.jpg,0
images/img_0019262.jpg,0
images/img_0021387.jpg,1
images/img_0027048.jpg,4
images/img_0029310.jpg,0
images/img_0006865.jpg,5
images/img_0011223.jpg,2
images/img_0018653.jpg,1
images/img_0009116.jpg,2
images/img_0021244.jpg,0
images/img_0027769.jpg,2
images/img_0004520.jpg,1
images/img_0029818.jpg,0
images/img_0005414.jpg,9
images/img_0016415.jpg,1 2
images/img_0017416.jpg,1
images/img_0011670.jpg,3
images/img_0004847.jpg,0
images/img_0005942.jpg,4 9
images/img_0017656.jpg,5 9
images/img_0027042.jpg,10
images/img_0018905.jpg,4
images/img_0002627.jpg,4 9
images/img_0013538.jpg,3
images/img_0007682.jpg,3
images/img_0001957.jpg,4
images/img_0025924.jpg,2 10
images/img_0021472.jpg,5
images/img_0013971.jpg,0
images/img_0029469.jpg,9
images/img_0007681.jpg,3
images/img_0012615.jpg,5
images/img_0020343.jpg,4
images/img_0018187.jpg,1
images/img_0029100.jpg,0
images/img_0002704.jpg,5
images/img_0002594.jpg,5
images/img_0008081.jpg,1
images/img_0004909.jpg,5
images/img_0023281.jpg,1 3
images/img_0012451.jpg,1
images/img_0012704.jpg,1
images/img_0004528.jpg,0
images/img_0011917.jpg,0
images/img_0017389.jpg,9
images/img_0000992.jpg,7 8
images/img_0022169.jpg,3
images/img_0000393.jpg,3
images/img_0012326.jpg,3
images/img_0026859.jpg,3 4
images/img_0011621.jpg,0
images/img_0026152.jpg,0
images/img_0019032.jpg,3 4
images/img_0028103.jpg,1
images/img_0011871.jpg,3
images/img_0023039.jpg,3
images/img_0017456.jpg,0
images/img_0001251.jpg,3
images/img_0013385.jpg,5
images/img_0025005.jpg,5
images/img_0010273.jpg,9
images/img_0005224.jpg,1 3 4
images/img_0012012.jpg,7
images/img_0014781.jpg,9
images/img_0006731.jpg,2
images/img_0013629.jpg,1
images/img_0023708.jpg,0
images/img_0028855.jpg,3
images/img_0013842.jpg,0
images/img_0016520.jpg,0
images/img_0029133.jpg,5
images/img_0024200.jpg,0
images/img_0019151.jpg,9
images/img_0011058.jpg,0
images/img_0013240.jpg,1
images/img_0021438.jpg,0
images/img_0001093.jpg,4
images/img_0025527.jpg,2
images/img_0026927.jpg,3
images/img_0009470.jpg,5
images/img_0026314.jpg,0
images/img_0014246.jpg,1
images/img_0005317.jpg,5 9
images/img_0028268.jpg,3
images/img_0018863.jpg,10
images/img_0020986.jpg,8
images/img_0003970.jpg,8
images/img_0000262.jpg,2
images/img_0017572.jpg,0
images/img_0023157.jpg,3
images/img_0028113.jpg,0
images/img_0001900.jpg,6 7
images/img_0000132.jpg,0
images/img_0005186.jpg,7 8
images/img_0023968.jpg,9
images/img_0025116.jpg,2
images/img_0016313.jpg,1 3
images/img_0001699.jpg,0
images/img_0015096.jpg,4
images/img_0017367.jpg,0
images/img_0022845.jpg,0
images/img_0005425.jpg,0
images/img_0011700.jpg,9
images/img_0000179.jpg,0
images/img_0008678.jpg,0
images/img_0013889.jpg,3
images/img_0006820.jpg,1
images/img_0023667.jpg,3
images/img_0012652.jpg,3
images/img_0025881.jpg,10
images/img_0005266.jpg,7
images/img_0010639.jpg,0
images/img_0023728.jpg,9
images/img_0015137.jpg,5
images/img_0000251.jpg,10
images/img_0002546.jpg,0
images/img_0004785.jpg,1
images/img_0025109.jpg,0
images/img_0021045.jpg,7 8
images/img_0002176.jpg,5
images/img_0002215.jpg,9
images/img_0014923.jpg,7 8
images/img_0026032.jpg,9
images/img_0010272.jpg,0
images/img_0021256.jpg,0
images/img_0025371.jpg,0
images/img_0017372.jpg,0
images/img_0017214.jpg,1
images/img_0024435.jpg,0
images/img_0013161.jpg,0
images/img_0004127.jpg,4
images/img_0002559.jpg,3 5 9
images/img_0006403.jpg,3
images/img_0009501.jpg,1
images/img_0020128.jpg,7
images/img_0025687.jpg,3
images/img_0029063.jpg,0
images/img_0012904.jpg,1
images/img_0003105.jpg,10
images/img_0026228.jpg,6 8
images/img_0025298.jpg,0
images/img_0001252.jpg,1 10
images/img_0023800.jpg,0
images/img_0008933.jpg,4
images/img_0008674.jpg,4
images/img_0010340.jpg,0
images/img_0002915.jpg,0
images/img_0019511.jpg,0
images/img_0025200.jpg,1
images/img_0001262.jpg,8
images/img_0001442.jpg,1 9
images/img_0008096.jpg,2
images/img_0003901.jpg,10
images/img_0019922.jpg,4 5
images/img_0019932.jpg,3
images/img_0020458.jpg,2
images/img_0028057.jpg,6
images/img_0003709.jpg,9
images/img_0009931.jpg,2
images/img_0028645.jpg,0
images/img_0028424.jpg,2
images/img_0014340.jpg,1
images/img_0021753.jpg,7
images/img_0013365.jpg,7
images/img_0016739.jpg,3
images/img_0011047.jpg,5
images/img_0002880.jpg,0
images/img_0029140.jpg,0
images/img_0004259.jpg,3
images/img_0029876.jpg,0 3
images/img_0012129.jpg,0
images/img_0026583.jpg,2
images/img_0023914.jpg,5
images/img_0011497.jpg,10
images/img_0013684.jpg,0
images/img_0023271.jpg,1 3
images/img_0025007.jpg,5
images/img_0011916.jpg,1 9
images/img_0026890.jpg,1
images/img_0025529.jpg,0
images/img_0019459.jpg,9
images/img_0026933.jpg,9
images/img_0015017.jpg,7
images/img_0004250.jpg,8
images/img_0001895.jpg,10
images/img_0014094.jpg,3
images/img_0006975.jpg,0
images/img_0004823.jpg,7
images/img_0020196.jpg,0
images/img_0019306.jpg,0
images/img_0020448.jpg,0
images/img_0012822.jpg,2 4
images/img_0028431.jpg,1
images/img_0005145.jpg,9
images/img_0007741.jpg,1 2
images/img_0016849.jpg,9
images/img_0018055.jpg,7 8
images/img_0027160.jpg,8
images/img_0015851.jpg,0
images/img_0007063.jpg,9
images/img_0026479.jpg,2
images/img_0003083.jpg,0
images/img_0020683.jpg,7
images/img_0014332.jpg,1 2
images/img_0026898.jpg,1 2
images/img_0011386.jpg,2 9
images/img_0006497.jpg,0
images/img_0018974.jpg,0
images/img_0023018.jpg,0
images/img_0012154.jpg,9
images/img_0003639.jpg,9
images/img_0011505.jpg,9
images/img_0020981.jpg,1
images/img_0012823.jpg,5
images/img_0001570.jpg,3
images/img_0028440.jpg,1
images/img_0000590.jpg,1
images/img_0017590.jpg,1
images/img_0005748.jpg,0 5
images/img_0013391.jpg,0
images/img_0001382.jpg,1
images/img_0026652.jpg,7
images/img_0000968.jpg,1
images/img_0027852.jpg,1
images/img_0028706.jpg,8
images/img_0023275.jpg,1 2
images/img_0005114.jpg,0
images/img_0024685.jpg,10
images/img_0001855.jpg,0
images/img_0028021.jpg,1
images/img_0024912.jpg,0
images/img_0008760.jpg,3
images/img_0026659.jpg,3
images/img_0011361.jpg,1
images/img_0010900.jpg,1
images/img_0004349.jpg,2 5
images/img_0003194.jpg,0
images/img_0012856.jpg,0
images/img_0026861.jpg,9
images/img_0003376.jpg,10
images/img_0001703.jpg,5
images/img_0016586.jpg,1
images/img_0023297.jpg,1
images/img_0022561.jpg,0
images/img_0029774.jpg,7
images/img_0014797.jpg,1
images/img_0000065.jpg,9
images/img_0020898.jpg,8
images/img_0014825.jpg,2 3
images/img_0019337.jpg,0
images/img_0024999.jpg,3
images/img_0026361.jpg,3
images/img_0027768.jpg,2 3
images/img_0001999.jpg,9
images/img_0014092.jpg,2
images/img_0005191.jpg,3
images/img_0001765.jpg,0
images/img_0008590.jpg,0
images/img_0027946.jpg,4
images/img_0019049.jpg,3
images/img_0019524.jpg,4
images/img_0015679.jpg,2 3
images/img_0022692.jpg,8
images/img_0027831.jpg,10
images/img_0026863.jpg,0
images/img_0012898.jpg,9
images/img_0022969.jpg,1
images/img_0012441.jpg,1
images/img_0003616.jpg,0
images/img_0017918.jpg,5
images/img_0002589.jpg,8
images/img_0000915.jpg,0
images/img_0027028.jpg,6 7 8
images/img_0018003.jpg,0
images/img_0001675.jpg,5
images/img_0011384.jpg,2
images/img_0026548.jpg,3
images/img_0022076.jpg,6 8
images/img_0008646.jpg,9
images/img_0027103.jpg,9
images/img_0010783.jpg,1
images/img_0021139.jpg,0
images/img_0021787.jpg,0
images/img_0000486.jpg,1 5
images/img_0012563.jpg,5
images/img_0025365.jpg,2
images/img_0021984.jpg,7 8
images/img_0008485.jpg,9
images/img_0020015.jpg,10
images/img_0000340.jpg,9
images/img_0016322.jpg,4 9
images/img_0020573.jpg,3
images/img_0010920.jpg,1
images/img_0012232.jpg,7 8
images/img_0029199.jpg,2
images/img_0018130.jpg,1
images/img_0029324.jpg,2
images/img_0003066.jpg,8
images/img_0005800.jpg,1 2 3
images/img_0010237.jpg,7
images/img_0007183.jpg,6 8
images/img_0009460.jpg,7
images/img_0026910.jpg,5
images/img_0025019.jpg,0
images/img_0014983.jpg,1 2
images/img_0010215.jpg,5
images/img_0016597.jpg,4 9
images/img_0016428.jpg,1
images/img_0008963.jpg,7
images/img_0017677.jpg,2
images/img_0000566.jpg,1
images/img_0022705.jpg,1
images/img_0004079.jpg,1
images/img_0022308.jpg,0
images/img_0018223.jpg,6 8
images/img_0006125.jpg,3
images/img_0017208.jpg,0
images/img_0024347.jpg,0
images/img_0014571.jpg,1 9
images/img_0028935.jpg,0
images/img_0004923.jpg,9
images/img_0028358.jpg,0
images/img_0021574.jpg,2 4 9
images/img_0027750.jpg,9
images/img_0015147.jpg,3
images/img_0004530.jpg,4
images/img_0014916.jpg,0
images/img_0028459.jpg,0
images/img_0008947.jpg,5 9
images/img_0018128.jpg,0
images/img_0004006.jpg,4
images/img_0002544.jpg,8
images/img_0006814.jpg,0
images/img_0008268.jpg,7
images/img_0005452.jpg,0 3
images/img_0003119.jpg,7
images/img_0020673.jpg,10
images/img_0025141.jpg,2 9
images/img_0003060.jpg,6
images/img_0009010.jpg,3
images/img_0019192.jpg,9
images/img_0026218.jpg,0
images/img_0001757.jpg,0
images/img_0002781.jpg,6 8
images/img_0013662.jpg,9
images/img_0001858.jpg,2 3
images/img_0029104.jpg,9
images/img_0002893.jpg,7 8
images/img_0014193.jpg,0
images/img_0023041.jpg,0
images/img_0022518.jpg,10
images/img_0027844.jpg,5
images/img_0000197.jpg,10
images/img_0004947.jpg,0
images/img_0009039.jpg,9
images/img_0009562.jpg,0
images/img_0019051.jpg,1
images/img_0019954.jpg,0
images/img_0027304.jpg,5
images/img_0022447.jpg,2
images/img_0026604.jpg,0
images/img_0014982.jpg,6
images/img_0013669.jpg,1 3
images/img_0010295.jpg,3
images/img_0005055.jpg,5
images/img_0012173.jpg,1 2 5
images/img_0024328.jpg,5
images/img_0023257.jpg,7
images/img_0006314.jpg,0
images/img_0005063.jpg,1 2 4
images/img_0005327.jpg,1
images/img_0012164.jpg,1
images/img_0029204.jpg,2
images/img_0010225.jpg,9
images/img_0001427.jpg,0
images/img_0026903.jpg,7 8
images/img_0009023.jpg,9
images/img_0025192.jpg,4
images/img_0027049.jpg,1
images/img_0019550.jpg,1 9
images/img_0021029.jpg,9
images/img_0025225.jpg,0
images/img_0023042.jpg,4
images/img_0020229.jpg,3
images/img_0019688.jpg,0
images/img_0023763.jpg,1
images/img_0014974.jpg,1
images/img_0011182.jpg,0
images/img_0013919.jpg,1
images/img_0001749.jpg,1
images/img_0017437.jpg,0
images/img_0027445.jpg,1
images/img_0024238.jpg,2
images/img_0022186.jpg,0
images/img_0012414.jpg,5
images/img_0020582.jpg,4
images/img_0027833.jpg,1 2
images/img_0009303.jpg,3 4
images/img_0013729.jpg,9
images/img_0000572.jpg,0
images/img_0007676.jpg,1
images/img_0029123.jpg,1 4
images/img_0029347.jpg,3
images/img_0005771.jpg,1
images/img_0010066.jpg,2
images/img_0020929.jpg,0
images/img_0005513.jpg,0
images/img_0004737.jpg,5
images/img_0016842.jpg,0
images/img_0014153.jpg,1 2
images/img_0002576.jpg,1
images/img_0020480.jpg,1 5
images/img_0025053.jpg,2 4
images/img_0003078.jpg,1 4
images/img_0020519.jpg,1
images/img_0012052.jpg,8
images/img_0029147.jpg,0
images/img_0000384.jpg,3
images/img_0014107.jpg,3
images/img_0008351.jpg,1
images/img_0001995.jpg,0
images/img_0013546.jpg,2
images/img_0010096.jpg,0
images/img_0003657.jpg,2
images/img_0004987.jpg,9
images/img_0012750.jpg,1
images/img_0003405.jpg,1
images/img_0021125.jpg,3
images/img_0029553.jpg,2
images/img_0006625.jpg,2
images/img_0029658.jpg,0
images/img_0021309.jpg,1
images/img_0012805.jpg,1 3 4
images/img_0010430.jpg,4
images/img_0014799.jpg,1
images/img_0022043.jpg,8
images/img_0020729.jpg,4
images/img_0002279.jpg,1 3
images/img_0028191.jpg,4
images/img_0004361.jpg,0
images/img_0008394.jpg,1
images/img_0016339.jpg,2
images/img_0008423.jpg,5
images/img_0012745.jpg,0
images/img_0006203.jpg,10
images/img_0019983.jpg,4
images/img_0024522.jpg,3
images/img_0022182.jpg,1 5
images/img_0018254.jpg,1
images/img_0016722.jpg,0
images/img_0008062.jpg,4 9
images/img_0008975.jpg,3
images/img_0027253.jpg,5
images/img_0016718.jpg,2
images/img_0003274.jpg,2
images/img_0029758.jpg,1
images/img_0024937.jpg,2
images/img_0025165.jpg,8
images/img_0004088.jpg,0
images/img_0012338.jpg,0
images/img_0029244.jpg,2
images/img_0012686.jpg,4
images/img_0013383.jpg,5
images/img_0008244.jpg,3
images/img_0026939.jpg,0
images/img_0024401.jpg,5
images/img_0027646.jpg,9
images/img_0004037.jpg,1
images/img_0025757.jpg,1
images/img_0016236.jpg,9
images/img_0011774.jpg,0
images/img_0017151.jpg,2
images/img_0020784.jpg,0
images/img_0000157.jpg,0
images/img_0012258.jpg,4
images/img_0002225.jpg,1
images/img_0011136.jpg,5
images/img_0024565.jpg,0
images/img_0018000.jpg,3
images/img_0012519.jpg,0
images/img_0012644.jpg,0
images/img_0003474.jpg,9
images/img_0023179.jpg,0
images/img_0018940.jpg,7
images/img_0009617.jpg,0
images/img_0001377.jpg,9
images/img_0002089.jpg,0
images/img_0009700.jpg,0
images/img_0025596.jpg,0
images/img_0004204.jpg,0
images/img_0024058.jpg,1 3
images/img_0015067.jpg,2
images/img_0018115.jpg,0
images/img_0013661.jpg,10
images/img_0008239.jpg,5
images/img_0003095.jpg,1
images/img_0011146.jpg,4
images/img_0025052.jpg,10
images/img_0013001.jpg,1
images/img_0005089.jpg,1
images/img_0004619.jpg,9
images/img_0000765.jpg,3
images/img_0029846.jpg,1 4
images/img_0028916.jpg,1
images/img_0005570.jpg,2
images/img_0026782.jpg,1 2
images/img_0024536.jpg,2 5
images/img_0005282.jpg,0
images/img_0029898.jpg,2
images/img_0003392.jpg,1 2 4
images/img_0025760.jpg,0
images/img_0009016.jpg,10
images/img_0024513.jpg,0
images/img_0003919.jpg,0
images/img_0008111.jpg,8
images/img_0018572.jpg,10
images/img_0016137.jpg,5 9
images/img_0002680.jpg,2
images/img_0022113.jpg,3
images/img_0012440.jpg,10
images/img_0023361.jpg,1 2 4
images/img_0028146.jpg,3
images/img_0013652.jpg,8
images/img_0022911.jpg,1
images/img_0014437.jpg,3
images/img_0016623.jpg,0
images/img_0001811.jpg,5
images/img_0028989.jpg,3
images/img_0000231.jpg,0
images/img_0010056.jpg,0
images/img_0028993.jpg,0
images/img_0019533.jpg,1
images/img_0015603.jpg,1
images/img_0001302.jpg,8
images/img_0009242.jpg,1
images/img_0012568.jpg,2
images/img_0006443.jpg,9
images/img_0003092.jpg,7
images/img_0001060.jpg,6
images/img_0012069.jpg,3
images/img_0021225.jpg,10
images/img_0006371.jpg,1
images/img_0026821.jpg,0
images/img_0015911.jpg,0
images/img_0009654.jpg,0
images/img_0024235.jpg,5
images/img_0000786.jpg,1
images/img_0000344.jpg,1 2 4 9
images/img_0005786.jpg,10
images/img_0027078.jpg,2
images/img_0000832.jpg,5
images/img_0029195.jpg,3
images/img_0009963.jpg,5
images/img_0013722.jpg,4
images/img_0000472.jpg,3
images/img_0007072.jpg,3
images/img_0025077.jpg,2
images/img_0029033.jpg,2
images/img_0016823.jpg,4
images/img_0003854.jpg,10
images/img_0002533.jpg,5
images/img_0003427.jpg,0
images/img_0009800.jpg,4
images/img_0027418.jpg,1
images/img_0010154.jpg,4
images/img_0012427.jpg,0
images/img_0024664.jpg,5
images/img_0019584.jpg,6 8
images/img_0001471.jpg,2
images/img_0022733.jpg,3 9
images/img_0021676.jpg,3 4
images/img_0017776.jpg,6 8
images/img_0006272.jpg,5
images/img_0002817.jpg,9
images/img_0009766.jpg,1
images/img_0015756.jpg,3
images/img_0009933.jpg,0
images/img_0026799.jpg,3
images/img_0011976.jpg,4
images/img_0028257.jpg,1
images/img_0011833.jpg,2
images/img_0007870.jpg,0
images/img_0018866.jpg,3
images/img_0011853.jpg,1
images/img_0011928.jpg,0
images/img_0005409.jpg,1
images/img_0019235.jpg,1 2
images/img_0017400.jpg,5
images/img_0016163.jpg,9
images/img_0012596.jpg,9
images/img_0021081.jpg,0
images/img_0020536.jpg,0
images/img_0025910.jpg,0
images/img_0017166.jpg,2 3 9
images/img_0010318.jpg,0
images/img_0012758.jpg,6
images/img_0025202.jpg,0
images/img_0015126.jpg,6
images/img_0029706.jpg,10
images/img_0008859.jpg,6 8
images/img_0021814.jpg,0
images/img_0022837.jpg,2
images/img_0007605.jpg,4
images/img_0012987.jpg,4
images/img_0019997.jpg,1 5
images/img_0007965.jpg,5
images/img_0018215.jpg,0
images/img_0004857.jpg,1
images/img_0024217.jpg,2
images/img_0008874.jpg,3
images/img_0010166.jpg,0
images/img_0015593.jpg,3
images/img_0026713.jpg,1 3
images/img_0009581.jpg,3
images/img_0003367.jpg,1
images/img_0011597.jpg,10
images/img_0019226.jpg,5
images/img_0017339.jpg,0
images/img_0015718.jpg,2 5
images/img_0022696.jpg,3
images/img_0022275.jpg,8
images/img_0015944.jpg,1
images/img_0000652.jpg,3
images/img_0027387.jpg,1
images/img_0020739.jpg,1 2
images/img_0005705.jpg,4
images/img_0011559.jpg,9
images/img_0029874.jpg,7
images/img_0007272.jpg,1
images/img_0013277.jpg,5
images/img_0007772.jpg,5
images/img_0022697.jpg,0
images/img_0011300.jpg,8
images/img_0008398.jpg,4
images/img_0017310.jpg,3
images/img_0002478.jpg,2 3
images/img_0003489.jpg,3
images/img_0019884.jpg,0
images/img_0018870.jpg,1
images/img_0028304.jpg,0
images/img_0009560.jpg,1
images/img_0028239.jpg,9
images/img_0017599.jpg,2
images/img_0027123.jpg,10
images/img_0002325.jpg,5
images/img_0012608.jpg,2
images/img_0017982.jpg,5
images/img_0009699.jpg,1
images/img_0024242.jpg,8
images/img_0022312.jpg,0
images/img_0011676.jpg,0
images/img_0002337.jpg,0
images/img_0023285.jpg,0
images/img_0022248.jpg,0
images/img_0012770.jpg,1
images/img_0024142.jpg,4
images/img_0008146.jpg,5
images/img_0014627.jpg,1
images/img_0028748.jpg,5
images/img_0025513.jpg,0
images/img_0025478.jpg,1
images/img_0023866.jpg,4
images/img_0022604.jpg,6
images/img_0015177.jpg,3
images/img_0018559.jpg,0
images/img_0004616.jpg,4
images/img_0009674.jpg,1 3
images/img_0027733.jpg,1 2 4
images/img_0020896.jpg,7
images/img_0004747.jpg,3
images/img_0011837.jpg,5
images/img_0002609.jpg,9
images/img_0028627.jpg,1
images/img_0018580.jpg,0
images/img_0011277.jpg,0
images/img_0004809.jpg,7 8
images/img_0027725.jpg,1
images/img_0009569.jpg,2
images/img_0013514.jpg,0
images/img_0024773.jpg,9
